Case_ID,Graph_ID
2014_IEHC_478,50942
2019_IECA_219,10036
2012_ABQB_571,15737
2021_IEHC_673,340
2017_IECA_52,52244
2022_IEHC_191,60643
2022_IECA_9,39131
2019_IECA_156,30682
2022_IEHC_321,15141
2006_IEHC_206,44445
2020_IESC_20,33430
2017_IEHC_419,49284
2021_IEHC_671,6521
2022_IECA_60,26011
2015_IEHC_60,37315
2007_IEHC_369,48217
2022_IEHC_93,26502
2021_IEHC_356,30576
2018_IEHC_175,55304
2022_IECA_139,31022
2002_IESC_41,17193
2008_IEHC_361,46287
2020_IECA_137,15333
2005_IEHC_11,36475
2020_IECA_172,54357
2014_EWHC_957,42921
2021_IECA_243,50657
2006_EWHC_196,46329
2022_IEHC_80,30685
2004_EWHC_2124,19126
2021_IEHC_850,64643
2017_IECA_279,34285
2012_IEHC_35,38304
2008_INLR_683,42843
2022_IEHC_4,45686
2018_IEHC_58,52069
2009_IESC_30,48227
2019_IECA_191,2491
2012_EWHC_268,50885
2022_IEHC_286,20042
2009_IEHC_316,44867
2021_IEHC_662,30967
2015_IECA_139,12523
2020_IEHC_97,32709
2017_IECA_164,65387
2008_EWHC_454,36712
2017_IECA_77,55175
2022_IEHC_256,38228
2022_IEHC_343,31809
2021_IEHC_714,21771
2022_IEHC_360,35249
2022_IEHC_379,47861
2017_IECA_217,53177
2013_IEHC_135,11830
2021_IESC_46,7468
2008_IEHC_29,12708
2014_IEHC_351,1867
2011_NSCA_108,17125
2022_IEHC_79,43072
2022_IECA_134,65131
2022_IEHC_124,21250
2015_IEHC_405,54603
2019_IEHC_479,35446
2020_IESC_51,47352
2011_IESC_27,4178
2021_IEHC_308,49913
2020_IEHC_519,8891
2019_IEHC_489,33643
2004_IEHC_95,1431
2021_IEHC_745,61900
2006_IESC_10,24680
2017_IESC_31,434
2018_EWCA_1812,48334
2010_IEHC_315,29187
2021_IEHC_44,16779
2020_IECA_187,43989
2016_IEHC_620,3692
2003_IESC_3,62711
2021_IEHC_689,41118
2019_IEHC_802,62575
2010_IEHC_414,43979
2021_IECA_306,35647
2021_IEHC_808,25870
2022_IECA_129,41417
2021_IEHC_422,37809
2020_IECA_186,20582
2011_IEHC_248,40896
2017_IEHC_100,41557
2021_IEHC_764,11133
2021_IEHC_109,57121
2016_IEHC_669,47300
2022_IESC_12,19632
2011_IEHC_374,3403
2022_IEHC_5,25245
2006_IEHC_190,59925
2009_IEHC_230,1942
2019_IEHC_651,13875
2015_IEHC_222,40948
2019_IEHC_384,4708
2013_IEHC_124,54055
2001_IEHC_102,36759
2022_IECA_42,42139
2020_IEHC_549,51411
2013_IEHC_413,62685
2013_IEHC_231,37351
2017_IESC_20,64151
2018_IEHC_544,35967
2011_IEHC_328,12942
2021_IEHC_74,43448
2021_IEHC_735,65070
2009_IEHC_464,48882
2021_IECA_300,61972
2021_IEHC_756,54424
2012_IEHC_402,10568
2019_IEHC_251,9632
2006_EWCH_2243,4941
2000_IEHC_189,12427
2020_IEHC_369,28639
1983_ILRM_323,23356
2015_IECA_22,33416
2022_IEHC_3,25571
2021_IECA_106,12147
2021_IECA_178,8941
2021_IECA_260,35240
2020_IEHC_342,51232
2010_IEHC_529,47844
2022_IEHC_254,34116
2022_IEHC_221,54938
2022_IECA_100,53695
2019_IECA_81,27430
2014_IESC_50,45839
2020_IECA_83,46303
2020_IEHC_434,6471
2008_IESC_52,30500
2021_IECA_326,22969
2019_IESC_28,16064
2020_IEHC_129,61823
2011_IEHC_503,5101
2011_IESC_42,42881
2013_IESC_39,19374
2015_IECA_97,54196
2009_IEHC_15,12428
2019_IESC_59,14746
2022_IEHC_185,54763
2013_IESC_51,15975
2014_IEHC_77,59883
2019_IEHC_639,64118
2020_IEHC_436,33919
2021_IECA_217,37976
2019_ILRM_19,30500
2022_IEHC_203,41981
2020_IESC_78,41722
2001_IESC_38,23572
2022_IEHC_177,50714
2019_IECA_336,15052
2020_IEHC_513,28906
2019_IEHC_352,34363
2021_IEHC_695,52662
2019_IEHC_755,6061
2019_IEHC_7,60018
2020_IEHC_100,11956
2017_IEHC_345,9395
2019_IEHC_194,60165
2008_IEHC_325,29153
2020_IECA_264,51524
2020_IEHC_51,36745
2021_IEHC_31,61405
2022_IEHC_16,39440
2020_IEHC_484,23987
2012_IEHC_163,235
2019_IESC_859,12697
2021_IEHC_830,33087
2015_IEHC_557,37538
2019_IESC_32,6786
2022_IEHC_52,17214
2018_IEHC_759,49617
2021_IECA_253,59305
2021_IEHC_60,1473
2010_IEHC_386,53273
2021_IEHC_254,28283
2018_EWHC_3308,33202
2021_EWHC_360,14743
2007_IEHC_431,27159
2017_IEHC_319,23899
2021_IEHC_780,65343
2018_IECA_2,41248
2022_IEHC_20,57481
2016_IEHC_514,53956
2021_IEHC_759,44266
2018_IEHC_398,39240
2012_UKUT_48,30433
2017_IECA_290,26808
2013_IEHC_294,30162
2005_IESC_80,53960
2022_IEHC_220,18886
2021_IECA_98,24149
2013_IEHC_130,40005
2015_IECA_94,54427
2022_IEHC_351,29727
2021_IEHC_842,30226
2009_IEHC_41,45758
2007_IEHC_334,21848
2020_IESC_63,34977
2020_IECA_6,59091
2012_IEHC_228,58289
2019_IEHC_213,22776
2018_IESC_15,25415
2004_IEHC_149,42852
2021_IECA_38,35901
2019_IECA_155,15396
2011_IEHC_214,11672
2017_IECA_309,3960
2021_IECA_250,44565
2021_IEHC_335,27878
2015_IEHC_296,52000
2015_IESC_55,21525
2022_IEHC_424,63231
2019_IESC_74,29144
2008_IEHC_371,52530
2006_IEHC_250,2027
2006_IEHC_15,4914
2001_ECHR_327,9275
2004_UKHL_18,25333
2022_IEHC_307,29418
2022_IECA_51,15882
2019_IEHC_303,47238
2016_IEHC_662,63678
2021_IEHC_281,34161
2020_IECA_362,5390
2018_IEHC_785,36510
2014_IEHC_400,63607
2013_IEHC_514,4223
2018_IEHC_123,22387
2018_IEHC_758,41926
2021_IEHC_584,49144
2021_IEHC_469,25873
2017_IEHC_802,6230
2020_IEHC_269,38964
2012_IESC_29,9792
2022_IEHC_237,5784
2011_IEHC_7,53462
2019_IEHC_762,5615
2019_IESC_79,41484
2006_IEHC_156,24246
2018_IECA_262,51174
2021_IECA_247,33056
2007_IESC_68,29933
2020_IECA_294,21093
2021_IEHC_474,47565
2022_IECA_34,12756
2019_IECA_330,34469
2022_IEHC_150,19407
2021_IEHC_73,34400
2017_IESC_51,63575
2017_IECA_43,63939
2021_IEHC_679,35145
2019_IEHC_155,32979
2017_IESC_63,833
2006_IEHC_140,22143
2018_IECA_121,3001
2021_IEHC_367,14242
2015_IECA_65,18426
2013_UKSC_60,19550
2018_IESC_24,45491
2021_IEHC_624,7226
2021_IEHC_664,7603
2012_IESC_59,8889
2011_IEHC_314,4569
2009_IEHC_346,52913
2021_IESC_12,7103
2021_IEHC_5,45959
2016_IEHC_302,19836
2013_IEHC_220,15946
2021_IEHC_604,23664
2019_IEHC_923,34092
2019_IECA_136,51508
2014_IEHC_353,1403
2022_IEHC_303,28901
2016_IEHC_700,49865
2020_IEHC_311,15691
2020_IECA_222,59953
2022_IEHC_195,58301
2016_IECA_79,32620
2022_IECA_33,23974
2018_IECA_255,14728
2022_IEHC_359,44116
2022_IEHC_15,49271
2021_IEHC_776,49281
2022_IEHC_60,2926
2009_IEHC_318,20126
2006_IESC_29,64727
2021_IEHC_382,20429
2007_IEHC_280,58781
2022_IEHC_67,62594
2019_IEHC_184,40611
2015_UKSC_69,20799
2005_IEHC_111,54325
2008_IESC_9,34716
2021_IECA_238,8456
2018_IESC_31,23140
2011_IEHC_257,62250
2009_IEHC_274,6255
2004_IEHC_359,33071
1983_ILRM_186,44927
2015_IESC_61,16470
2010_IEHC_55,36725
2012_IEHC_484,63498
2020_IECA_102,37623
2021_IECA_263,54889
2021_IEHC_312,39892
2018_IECA_25,11532
2006_IEHC_438,34060
2021_IESC_000,63112
2011_IEHC_175,18939
2016_IEHC_796,43137
2021_IESC_58,20728
2016_IECA_104,53867
2020_IEHC_202,35705
2022_IEHC_298,6669
2020_NICA_26,59513
2008_IESC_61,31230
2021_IECA_334,56031
2021_IEHC_711,63240
2020_IECA_21,23210
2019_IEHC_84,4293
2014_IEHC_435,34367
2021_IEHC_609,17460
2022_IEHC_193,15421
1908_I_KB_761,12938
2021_IEHC_160,37472
2021_IESC_27,33410
2022_IECA_48,7917
2010_IEHC_133,15786
2018_IEHC_778,8833
2015_IESC_26,45481
2021_IEHC_828,32424
2022_IECA_119,28661
2020_IESC_46,61379
2009_EWHC_2387,23085
2005_ECHR_873,23404
2019_IESC_12,42966
2017_IEHC_105,34375
2019_IECA_133,29225
2015_IEHC_681,46275
1999_IESC_26,35181
2022_IECA_102,24257
2006_IEHC_95,59077
2016_IEHC_349,28465
2015_EWHC_28,18118
2013_IESC_4,13675
2017_IECA_284,37264
2015_IESC_38,41364
2015_IESC_68,28824
2017_IECA_175,57480
2016_IESC_32,22748
2013_IESC_34,19004
2018_IEHC_632,17662
2020_IEHC_367,57809
2021_IEHC_195,48186
2015_IESC_40,17171
2018_IEHC_515,8502
2007_UKHL_21,33924
2010_IESC_49,1469
2003_IESC_42,50017
2014_UKSC_23,27862
2022_IECA_49,60754
2020_IEHC_527,11955
2006_IESC_27,20383
2021_IEHC_761,57609
2016_EWHC_2618,45065
2020_IEHC_400,21095
2021_IEHC_608,9083
2021_IEHC_823,49394
2022_IEHC_41,47921
2022_IEHC_346,21936
2012_IEHC_512,38235
2020_IEHC_195,37241
2021_IEHC_703,16159
2021_IEHC_846,48025
2022_IEHC_32,54653
2018_IESC_1,24660
2021_IEHC_577,32689
2021_IEHC_93,49267
2022_IECA_8,14859
2022_IEHC_257,41569
2016_IECA_328,2136
2002_IESC_62,59699
2021_IEHC_702,31326
2007_IEHC_227,46785
2007_IEHC_208,28604
2015_IESC_25,5913
2017_IECA_8,56484
2009_IEHC_568,43964
2021_IEHC_641,30098
2004_UKHL_16,24466
2021_IEHC_603,52131
2009_IESC_78,59454
1981_ILRM_439,60725
2001_IEHC_195,31060
2021_IEHC_206,14071
2022_IEHC_100,52959
2011_IEHC_361,18713
1976_ILRM_50,10414
2011_IEHC_11,65314
2019_IECA_332,17907
2020_IECA_7,3431
2021_IEHC_685,38202
2021_IECA_5,15069
2022_IECA_145,2809
2022_IEHC_138,40939
2022_IEHC_241,28823
2021_IEHC_663,59149
2020_IEHC_356,1883
2020_IEHC_310,41829
2015_IEHC_481,8464
2018_IEHC_209,57610
2021_IECA_174,22295
2009_IEHC_246,19060
2022_IEHC_6,30203
2021_IEHC_773,46283
2021_IEHC_294,8568
2022_IEHC_416,55824
2018_IESC_57,37557
2021_IEHC_568,51442
2018_IEHC_702,60712
2016_IEHC_600,61595
2019_IEHC_456,6067
2016_IEHC_646,44854
2011_IEHC_510,64980
2017_IEHC_119,9287
2020_IEHC_28,10846
2013_IEHC_323,57751
2017_IEHC_62,32174
2019_IEHC_496,35687
2021_IECA_350,3156
2021_IECA_276,64279
2019_IEHC_573,31695
2021_IEHC_789,59695
2010_IEHC_367,60851
2007_HLUK_34,43665
2012_IEHC_74,17127
2020_IEHC_39,17383
2022_IEHC_205,9031
2016_IEHC_531,20593
2021_IEHC_676,37500
2019_IECA_228,57736
2020_IEHC_212,64165
2006_IEHC_60,38437
2022_IEHC_63,45498
2022_IEHC_55,6688
2022_IECA_122,41000
2022_IEHC_210,33646
2011_UKUT_433,8838
2018_UKSC_29,19320
2019_IECA_328,40227
2019_IECA_221,26085
2020_IESC_73,20789
2011_IESC_31,24080
2015_IEHC_812,58626
2019_IEHC_854,57945
1999_PNLR_826,46657
2020_IEHC_322,51841
2019_IESC_90,25717
2007_IEHC_245,1218
2014_IEHC_465,60079
2020_IECA_106,4923
2016_IECA_85,49556
2021_IEHC_841,33677
2013_IEHC_533,60276
2004_IEHC_109,56757
2011_IESC_1,39595
2021_IEHC_583,21612
2012_IEHC_81,34612
2020_IEHC_694,25029
2021_IEHC_838,10167
2022_IEHC_115,18471
2013_IESC_44,58301
2022_IEHC_102,60154
2020_IEHC_417,65187
2015_IEHC_668,31167
2018_IECA_334,35788
2007_IEHC_282,24172
2022_IEHC_253,20595
2010_IEHC_294,6145
2022_IEHC_48,62046
2011_IEHC_505,46785
2020_IESC_2,17677
2017_IEHC_597,535
2017_IEHC_656,48622
2021_IEHC_385,18690
2001_IEHC_78,25150
2017_IECA_98,21671
2008_IESC_26,12969
2021_IEHC_342,54313
2021_IECA_344,20991
2021_IEHC_196,56582
2012_IEHC_338,25640
2018_IEHC_370,64512
2008_IEHC_389,37134
2015_IEHC_273,18005
2021_IEHC_847,8050
2020_IECA_69,55811
2015_IEHC_455,43394
2020_IEHC_147,14047
2016_IECA_289,2402
2012_IESC_20,56432
2014_IEHC_270,18419
2014_IESC_25,33231
2018_IESC_33,16179
2021_IEHC_10,17039
2021_IEHC_734,40665
2009_IEHC_353,53198
2005_IEHC_449,47743
2020_IECA_135,60842
1998_IEHC_143,6840
2015_IEHC_229,497
2008_IEHC_291,64727
2020_IECA_33,14748
2020_IEHC_29,11849
2020_IESC_55,46568
2003_IESC_1,61728
2014_IEHC_159,10529
2021_IECA_122,52167
2022_IESC_13,7188
2021_IEHC_580,57436
2022_IEHC_125,53075
2013_ECHR_984,4460
2022_IEHC_157,51546
2020_IEHC_145,63015
2012_EWHC_344,38145
1993_ILRM_497,57790
2019_IECA_320,22990
2020_IEHC_419,63111
2022_IECA_52,10022
2009_IEHC_277,820
2017_IECA_111,61577
2015_IESC_9,37803
2022_IECA_90,33315
2017_IEHC_439,38997
2012_IESC_63,4025
2021_IEHC_646,45268
2021_IEHC_198,55583
2017_IESC_24,39852
2017_EWHC_3577,26893
2021_IEHC_743,20991
2021_IEHC_194,57644
2019_IEHC_538,52169
2017_IECA_282,34250
1996_IESC_1,63240
2021_IEHC_795,37109
2021_IESC_23,49740
2019_IEHC_239,57793
2021_IECA_285,8193
2015_UKSC_36,51364
2022_IEHC_320,19856
2008_IESC_18,56829
2022_IEHC_319,29465
2018_IESC_8,3704
2022_IECA_126,64742
2021_IEHC_272,30527
2000_IESC_60,63470
2020_IECA_10,53322
2020_IEHC_573,45733
2016_IEHC_85,35911
2009_IEHC_489,58874
2022_IESC_19,6162
2008_IEHC_441,19718
2016_IECA_111,36929
2007_EWHC_9,25375
2019_IESC_81,47825
2006_IEHC_323,4372
2016_IEHC_118,55680
2012_IEHC_573,61895
2018_IESC_30,33437
2022_IEHC_267,50515
2011_IEHC_286,13797
2009_IEHC_500,55029
2016_IEHC_336,13473
2017_EWHC_1365,18550
2004_IESC_100,18532
1999_IEHC_155,16989
2021_EWHC_226,38887
2022_IEHC_304,37693
2022_IEHC_367,25598
2011_IEHC_165,13331
2017_IEHC_350,53497
2019_IEHC_783,12965
2022_IEHC_101,32528
2020_IEHC_387,7420
2011_IEHC_25,38483
2015_IECA_27,25282
2015_IEHC_375,18878
2021_IEHC_11,55014
2012_INLR_53,34770
2022_IESC_17,64825
2020_IEHC_104,25711
2016_IECA_265,712
2021_IEHC_637,16452
2017_IEHC_115,52057
2022_IEHC_128,18835
2020_IEHC_622,5493
2022_IEHC_333,37096
1968_ILRM_593,49980
2022_IECA_14,8714
2022_IEHC_309,37877
2020_IECA_152,29638
2022_IEHC_373,14339
2016_IECA_193,40990
2012_IEHC_337,19263
2019_IESC_94,56040
2021_IECA_21,37496
2011_IEHC_145,9751
2015_NZCA_13,20686
2014_EWHC_112,39419
2008_IEHC_53,5131
2021_IESC_33,32396
2022_IEHC_36,24045
2022_IECA_81,58455
2019_IECA_63,56663
2015_IECA_192,49781
2019_IECA_126,4021
2010_IEHC_457,55530
1991_ILRM_465,48582
2007_IEHC_153,44347
2022_IEHC_148,47685
2022_IEHC_95,56529
2022_IECA_99,13868
2017_IECA_223,23573
2019_UKSC_13,17418
2020_IEHC_441,19683
2007_IEHC_271,53648
2021_IECA_222,65351
2004_IEHC_75,30106
2016_IEHC_319,58430
2001_IESC_15,19739
2018_IEHC_116,44587
2020_IECA_154,41996
2017_IEHC_607,49997
2011_IEHC_538,53232
2008_EWHC_2025,47151
2014_IESC_34,42311
2015_IECA_236,57056
2021_IECA_92,37724
2013_IEHC_397,21014
2021_IECA_353,29694
2015_IECA_239,37300
2017_IESC_7,62565
2008_IEHC_195,52189
2016_IEHC_363,65522
2005_IESC_12,20891
2014_IESC_76,16661
2013_EWHC_415,5071
2019_IEHC_106,52203
2014_IESC_78,28257
2020_IEHC_420,6628
2018_IEHC_752,61958
2009_IEHC_457,7293
2021_IECA_296,27199
2021_IEHC_241,26278
2022_IEHC_242,27683
2011_IEHC_473,7409
2021_IEHC_757,37455
2016_IEHC_308,20190
2017_IEHC_490,18214
2002_IEHC_103,61373
2013_IEHC_527,41929
2014_IEHC_542,60869
2018_IEHC_685,63148
2006_IESC_57,3439
2020_IECA_101,41456
2011_IEHC_142,20845
2021_IECA_333,32423
2021_IECA_290,57402
2022_IEHC_28,24811
2009_IEHC_207,11008
2011_IESC_2,18400
2017_IEHC_248,31998
2001_IESC_205,60439
2022_IEHC_232,11140
2018_IEHC_433,63723
2022_IEHC_188,40173
2013_IEHC_544,8474
2020_IECA_256,44481
2017_IESC_13,35557
2013_IEHC_482,42055
2019_IESC_31,13950
2019_IEHC_562,1402
2008_EWHC_413,59332
2011_BCSC_1196,59330
2021_IEHC_179,42375
2008_IESC_71,14649
2016_IEHC_12,51237
2022_IECA_89,47080
2021_IEHC_270,9766
2004_IESC_38,18003
2022_IEHC_328,3617
2018_IEHC_379,36666
2013_IESC_41,36433
2022_IECA_127,35348
2018_IECA_74,35454
2020_IECA_72,39752
2020_IEHC_143,27963
2010_ECHR_1272,48145
2015_IEHC_805,48219
2007_IESC_17,13588
2016_IEHC_69,24324
2018_IEHC_96,5437
2020_IEHC_700,22107
2001_IESC_16,7192
2022_IEHC_178,18872
2017_IEHC_18,64975
2016_IECA_90,17775
2015_IESC_17,27502
2015_IESC_10,58309
2015_IEHC_387,61559
2017_UKSC_24,12196
2020_IEHC_77,3270
2021_IEHC_799,61459
2020_IEHC_331,23504
2017_IEHC_829,29709
2007_IESC_30,41448
1997_IEHC_83,11176
2015_EWHC_776,39592
2020_IECA_22,51156
2015_IEHC_667,48156
2015_IEHC_466,39134
2013_IEHC_561,15126
2021_IESC_51,59887
2018_IEHC_458,48279
2016_IECA_270,21418
2018_IEHC_684,6539
2005_IEHC_284,55258
2015_IEHC_153,15971
2019_IEHC_189,10155
2011_IEHC_308,23495
2019_IEHC_803,15011
2007_IEHC_243,29113
2022_IEHC_24,13836
2021_IEHC_227,64378
2022_IESC_14,10352
2021_IECA_293,22075
2016_IESC_17,38243
2003_IESC_25,41770
2021_IECA_193,46509
2019_IEHC_824,53694
2011_IEHC_454,48674
2004_OJ_L_158,13216
2020_IEHC_21,59178
2019_IECA_337,10026
2020_IEHC_431,17556
2020_IEHC_526,57258
2009_IEHC_510,15775
2020_IEHC_179,32986
2011_IEHC_529,29933
2017_UKUT_164,45143
2021_IEHC_149,25214
2022_IEHC_224,12035
2022_IECA_39,40957
2018_IEHC_222,17604
2021_IEHC_263,46070
2002_IEHC_14,65367
2022_IEHC_34,24962
2021_IEHC_810,30603
2019_IESC_13,22133
2020_IECA_337,36536
2019_IECA_101,56812
1997_IEHC_64,27552
2014_IEHC_483,11646
2019_IESC_38,24136
2019_IEHC_187,30122
2017_IESC_5,11715
2019_EWHC_689,36878
2020_EWHC_2448,56525
2021_IEHC_763,41373
2021_IEHC_640,18788
2021_IEHC_82,9000
2020_IEHC_132,21231
2021_IEHC_508,44307
2021_IECA_186,4552
2017_IEHC_773,47245
1989_ILRM_639,33092
2004_IEHC_67,11721
2021_IECA_79,54949
1990_ILRM_419,2368
2016_IESC_49,23811
2015_IESC_63,42884
2019_IEHC_403,7377
2017_IEHC_92,61717
2018_IEHC_489,49659
2011_IEHC_349,5628
2017_IEHC_261,35781
1986_ILRM_419,22765
2021_IEHC_753,26435
2019_IECA_54,10823
2016_IESC_67,976
2012_IESC_16,48742
2021_IEHC_774,20660
2017_IECA_206,32872
2016_IECA_204,24486
2021_IESC_26,62767
2014_IEHC_547,49228
2019_ECHR_286,32164
2020_IECA_110,34000
2020_IESC_48,35605
2014_IEHC_232,23241
2020_IEHC_238,30771
1979_ILRM_141,6641
2021_IECA_84,25089
2015_IEHC_799,1158
2017_IEHC_527,13788
2007_IEHC_296,53446
2020_IEHC_661,48370
2018_IEHC_698,11407
2020_IEHC_396,5817
2015_IESC_51,43412
2022_IEHC_167,49209
2020_IEHC_240,21437
2020_EWHC_2710,47109
2010_IESC_22,44227
2001_IESC_63,19554
2022_IECA_150,7179
2021_IEHC_647,8686
2022_IECA_91,28185
1997_IEHC_39,50520
2017_IEHC_830,16151
2016_IESC_48,48223
2021_IEHC_686,30707
2012_IESC_39,17065
2019_IEHC_367,63850
2019_IEHC_222,8905
2021_IECA_119,38491
2019_IEHC_929,54711
2020_IEHC_171,48402
2010_IESC_27,9092
2018_IESC_67,14381
2007_IEHC_170,61663
2018_IECA_397,54623
2015_IESC_36,48679
2006_IEHC_177,45827
2021_IEHC_118,51474
2021_IEHC_424,45509
2013_IEHC_258,9998
2021_IEHC_800,4301
2017_IEHC_546,43249
2020_IESC_14,807
2021_IEHC_589,16788
2021_IECA_342,3208
2020_IEHC_433,11574
2005_IEHC_306,54913
2022_IEHC_244,30141
2009_IESC_2,7204
2018_IEHC_217,50828
2005_IEHC_47,24289
2021_IEHC_161,52436
2020_IECA_28,4374
2012_IESC_64,28488
2022_IECA_47,17594
2019_IEHC_759,26653
2019_IESC_47,51878
2014_IEHC_629,64324
1998_IEHC_90,17940
2019_IECA_223,43712
2016_ISEC_17,31261
2021_IEHC_731,59310
2022_IEHC_236,28667
2020_IEHC_677,38520
2022_IECA_132,26747
2005_IEHC_116,47501
2007_IEHC_432,381
2022_IEHC_82,60641
2018_IEHC_710,14050
2006_IESC_52,43102
2017_IECA_317,64039
2021_IEHC_362,38471
2016_IEHC_462,41381
2021_IESC_14,42325
2013_IEHC_579,423
2019_IECA_187,37912
2021_IEHC_704,24455
2020_IEHC_6,35676
2021_IECA_313,26383
2022_IEHC_390,12187
2006_IEHC_169,10926
2022_IEHC_369,59645
2020_IECA_159,61038
2018_IEHC_361,12095
2017_IEHC_232,50558
2022_IEHC_263,28677
2016_IEHC_67,15517
2018_IESC_16,27474
2018_IEHC_98,500
2021_IEHC_581,42184
2013_IEHC_197,48694
2019_IESC_4,23383
2017_IEHC_176,56083
2021_IEHC_116,524
2004_IEHC_396,22506
2018_IECA_392,25588
2008_IESC_53,40702
2006_IESC_44,6724
2020_IECA_104,64954
2019_IESC_11,12498
2006_IEHC_240,61085
2022_IEHC_76,34426
2012_IEHC_109,15148
2018_IEHC_485,16867
2016_IECA_49,4398
2021_IEHC_97,11164
2020_IECA_114,5575
2020_IEHC_643,62038
2021_IEHC_7,40641
2021_IECA_13,55966
2020_IESC_49,4318
2015_UKSC_54,5067
2005_IEHC_309,57288
2015_IEHC_200,21781
2021_EWHC_2305,27214
2021_IECA_352,13491
2016_IESC_46,47125
2020_IEHC_23,23924
2021_IEHC_738,18914
2013_IEHC_330,64359
2009_IEHC_202,56731
2015_IEHC_205,57975
2010_IEHC_396,45290
2020_IECA_180,42996
2014_IEHC_139,54404
2017_IEHC_816,61506
2018_IEHC_782,55876
2016_IEHC_429,42548
2019_IEHC_72,52414
2018_IEHC_651,38088
2020_IEHC_667,50376
2022_IEHC_62,46430
2020_IECA_86,23785
2022_IEHC_86,64167
2021_IECA_298,52404
2022_IESC_3,44137
2011_IESC_41,65051
1986_IEHC_41,29619
2016_IECA_10,31192
2022_IEHC_149,49473
2021_IEHC_844,47277
2022_IECA_53,16234
2016_IEHC_236,25413
2020_IEHC_438,50243
2019_IESC_8,38551
2021_IEHC_585,903
2022_IEHC_293,40536
2013_IEHC_172,38620
2022_IEHC_442,30350
2016_IEHC_277,54953
2019_IEHC_888,2411
2018_IECA_46,1651
2020_IESC_26,28054
2022_IECA_96,42878
2022_IEHC_287,29242
2004_IEHC_348,17326
2022_IEHC_146,8446
2017_IESC_75,17326
2012_IEHC_485,22398
2021_IESC_16,63298
2016_IECA_177,52222
2020_IEHC_686,60086
2022_IEHC_324,16847
2018_IEHC_808,57122
1993_ILRM_557,14218
2022_IECA_22,32782
2019_IECA_184,62621
2014_IEHC_51,22006
2014_IEHC_293,55166
2019_IESC_80,3897
2022_IESC_8,41936
2021_IEHC_755,34892
2015_IEHC_528,29060
2018_IEHC_281,63542
2021_IEHC_112,5174
2008_IEHC_168,15425
2021_IEHC_834,23705
2015_IEHC_711,40995
2021_IEHC_732,13155
2022_IEHC_113,28493
2015_IESC_78,45931
2021_IEHC_95,22398
2001_IESC_110,26308
2016_IECA_206,49935
2013_IEHC_290,53977
2022_IESC_4,35269
2021_IECA_319,17958
2006_IEHC_195,829
2018_IEHC_410,44057
2022_IEHC_53,41146
2014_IECA_57,63325
2017_IECA_129,22625
2002_EWHC_1469,49334
2008_IEHC_249,38460
2005_IEHC_298,32584
2021_IECA_19,35169
2021_IEHC_837,42928
2021_IEHC_313,52898
2016_IECA_298,6557
2019_IESC_23,35967
2018_IEHC_631,11359
2021_IEHC_740,50966
2020_IECA_331,6874
2006_IEHC_223,25493
2020_IECA_89,54342
2006_IEHC_371,40703
2021_IECA_289,43010
2000_ILRM_271,42517
2021_IEHC_717,5994
2003_IESC_62,33023
2021_IEHC_797,61429
2022_IECA_24,49719
2022_IEHC_158,5074
2019_IESC_61,15263
2022_IECA_20,38250
2012_IEHC_456,53183
2020_IEHC_680,12055
2009_IEHC_268,13785
2013_IEHC_60,43103
2021_IEHC_292,56536
2020_IEHC_543,62288
2020_IECA_246,19745
2017_IESC_6,22092
2013_IESC_24,20169
2012_IESC_32,44147
2017_IEHC_556,33927
2020_IEHC_307,25822
2013_IEHC_194,24846
2022_IEHC_23,5942
2015_IEHC_590,49584
2007_IEHC_386,29590
2021_IEHC_302,18343
2011_IEHC_170,30935
2022_IEHC_162,6627
2006_IESC_21,7287
2007_IEHC_287,11717
2022_IEHC_181,38841
2016_IEHC_811,5584
2018_IEHC_704,10205
2020_IEHC_618,59
2021_IEHC_786,40417
2021_IEHC_758,64306
2022_IEHC_388,17494
2015_IECA_93,5451
2010_IEHC_236,42390
2015_IECA_256,44602
2007_EWHC_1040,32297
2022_IEHC_22,7561
2019_IEHC_761,23132
2016_IESC_18,15066
2022_IEHC_357,48880
2014_IESC_38,14915
2004_IESC_43,42096
2022_IECA_128,12361
2019_IEHC_883,4473
1988_ILRM_89,47664
2021_IEHC_506,51845
2022_IESC_16,51672
2020_IEHC_294,35882
2018_IEHC_278,52649
2018_IEHC_535,62522
2021_IECA_130,879
2019_IEHC_730,63256
2009_IESC_71,40109
2006_IEHC_379,28451
2011_IEHC_98,1501
2022_IEHC_350,2981
2022_IECA_4,52148
2007_IEHC_313,30565
2008_IEHC_12,732
2006_IEHC_265,55993
2022_IECA_143,38612
2021_IEHC_138,10476
2021_IEHC_657,20553
2016_IEHC_18,1374
2022_IEHC_377,61266
2008_IEHC_37,61063
2010_IESC_37,32630
2012_IEHC_106,15214
2008_IEHC_210,53883
2021_IEHC_670,10346
2010_IEHC_71,60366
2011_IEHC_415,45372
2021_IEHC_3,27297
2019_IEHC_43,52926
2011_IEHC_151,6174
2019_IESC_41,58510
2022_IEHC_183,12534
2017_IEHC_677,46383
2022_IECA_120,39478
2021_IESC_8,18860
2016_IESC_34,27929
2015_IECA_290,59741
2022_IEHC_386,39476
2021_IEHC_58,7074
2021_IEHC_164,49937
2020_EWHC_104,60944
2021_IEHC_854,13687
2019_IEHC_566,57534
2021_IEHC_613,48551
2022_IEHC_265,34406
2017_IEHC_741,1303
2016_IEHC_732,63710
2022_IEHC_297,23864
2020_IEHC_619,10462
2006_IEHC_48,38281
2017_IECA_66,23923
2022_IECA_6,38774
2022_IEHC_44,24247
2022_IECA_58,43939
2021_IEHC_162,24519
2021_IEHC_680,52658
2020_IEHC_488,28541
2010_IESC_61,56555
2021_IECA_41,21646
2021_IECA_345,54593
2022_IEHC_337,17363
2008_IEHC_73,13154
2012_IEHC_430,54979
2009_IEHC_449,63014
2003_IESC_51,16803
2019_IEHC_216,31411
2022_IEHC_411,54530
2012_UKUT_90,22957
2021_IEHC_625,14921
2015_IEHC_309,15659
2013_IEHC_359,51078
2013_UKSC_46,43970
2021_IEHC_456,57225
2018_IEHC_186,50612
2020_IEHC_699,61133
2004_IEHC_45,30596
2019_IEHC_950,64247
2021_IECA_58,16463
2017_IEHC_322,64048
2007_IESC_62,47289
2013_IEHC_465,62505
2018_IEHC_473,29750
2009_IEHC_141,46477
2010_ECHR_1053,44314
1986_ILRM_4198,43775
2004_IESC_25,41899
2018_IECA_171,45166
2013_IESC_19,27530
2022_IEHC_243,47150
2021_IEHC_712,55330
2013_IESC_8,33384
2013_IEHC_205,23899
2018_IEHC_172,45288
2022_IEHC_395,10582
2019_IECA_150,16470
2022_IEHC_268,59619
2007_IEHC_256,60329
2006_UKPC_45,45400
2022_IESC_10,50252
2020_IEHC_500,54252
2017_IEHC_511,7985
2011_IEHC_253,27876
2011_ILRM_444,56781
2019_IEHC_55,38978
2008_PNLR_37,39165
2000_IESC_19,47733
2012_IEHC_291,34352
2019_IEHC_521,1229
2007_IEHC_234,7544
2020_IESC_000,29443
2016_IECA_130,56153
2005_IEHC_148,7762
2022_IEHC_161,45077
2020_IESC_6,48261
2011_IEHC_103,33825
2016_IECA_214,34720
2022_IEHC_1,21727
2012_IEHC_281,34355
2018_IEHC_444,30826
2019_EWHC_4055,13544
2018_IEHC_460,42448
2022_IEHC_116,40578
2015_IEHC_404,14427
2018_IEHC_7,46415
2014_IEHC_491,26073
2018_IEHC_138,16570
2015_IEHC_241,10727
2005_IEHC_147,14380
1985_ILRM_109,59833
1993_BCLC_676,64984
2002_IESC_74,62892
2021_EWHC_1013,5085
2021_IEHC_706,4004
2021_IESC_69,32787
2022_IEHC_180,64436
2022_IEHC_295,13597
2015_IEHC_102,45878
2019_IEHC_698,2693
2020_IEHC_693,46032
2012_IEHC_401,53241
2017_IEHC_63,63816
2021_IEHC_402,19071
2019_IEHC_678,28456
2022_IEHC_355,18136
2020_IEHC_517,14230
2022_IECA_113,29909
2019_IEHC_23,42272
2018_IEHC_630,14954
2011_IEHC_193,20788
2019_IESC_48,56381
2016_IESC_16,1965
2006_IEHC_358,19200
2020_IEHC_295,39651
2018_IECA_113,16577
2013_IEHC_181,37829
2017_IEHC_695,30613
2012_IEHC_179,4768
2021_IESC_79,6278
2020_IECA_87,59220
2020_IEHC_584,53275
2015_IEHC_433,50663
2022_IECA_7,6717
2015_IECA_153,56311
2021_IECA_302,24372
2022_IEHC_126,32793
2020_IEHC_632,59374
2021_IEHC_746,35054
2020_IESC_59,35075
2021_IEHC_555,51063
2018_IECA_130,19296
2019_IEHC_160,39431
2015_IEHC_338,11907
2022_IECA_65,28306
2019_IECA_57,63876
2021_IEHC_38,49551
2019_IESC_85,56851
2020_IECA_36,52245
2014_IEHC_482,40494
2022_IEHC_153,44561
2017_IESC_69,5763
2021_IEHC_766,6426
2022_IEHC_38,61418
2022_IEHC_264,48932
2020_IECA_287,28292
2018_IEHC_641,13318
2022_IECA_123,40561
2021_IEHC_509,41711
2020_IEHC_703,204
2021_IEHC_390,51569
2011_IEHC_100,6550
2001_IEHC_141,15290
2022_IEHC_61,2698
2019_IECA_260,33527
1993_ILRM_606,47027
2021_IECA_303,20408
2009_IESC_4,36808
2005_IESC_13,30042
2014_IEHC_391,56866
2017_IEHC_7,33542
2011_IEHC_72,49172
2022_IEHC_175,11599
2022_IEHC_30,27782
2019_IEHC_662,35185
2021_IEHC_643,7974
2019_IECA_308,32153
2016_IESC_60,52857
2012_IEHC_44,9835
2021_IEHC_779,22253
2022_IEHC_168,64556
2016_IECA_181,8933
2018_IEHC_99,48330
2010_IEHC_454,56022
2009_IEHC_445,60946
2022_IECA_64,49137
2015_IEHC_69,34195
2017_IEHC_384,50294
2004_IEHC_208,19639
2022_IEHC_135,12305
2006_UKHL_22,43588
2018_IESC_56,30647
2007_IEHC_450,25305
2015_IESC_30,55308
2011_IEHC_348,23362
2017_IEHC_721,63807
2007_IEHC_144,22591
2018_IEHC_404,1471
2021_IEHC_629,22981
2022_IECA_86,33827
2015_UKSC_35,12114
2009_IEHC_559,58153
2015_IEHC_84,28881
2005_EWHC_3261,19775
2013_IEHC_295,9841
2019_IEHC_628,26997
2021_IECA_101,25800
2016_IESC_7,28607
2015_IEHC_310,42296
2021_IECA_339,62955
2015_IEHC_720,15166
2006_IESC_9,21798
2010_UKUT_360,4184
2015_IEHC_139,45320
2019_IEHC_481,52325
2017_IECA_71,18328
2022_IEHC_112,52781
2004_IEHC_317,34033
2020_EWHC_1223,40671
2016_IECA_19,9726
2022_IECA_63,28116
2013_IEHC_442,37349
2021_IEHC_598,53490
2020_IEHC_178,41515
2013_IEHC_402,28003
2018_EWHC_2665,46458
2009_IEHC_409,20655
2022_IEHC_284,11196
1998_IEHC_97,5049
2017_IEHC_308,57691
2017_IEHC_630,26390
2020_IEHC_665,54738
2020_IESC_27,39757
2017_IEHC_765,14669
2021_IEHC_546,35306
2020_IEHC_695,40643
2021_IEHC_790,43594
2016_IEHC_91,31773
2022_IEHC_246,33045
1983_ILRM_413,26023
2020_IECA_242,15398
2021_IEHC_626,60749
2011_IEHC_269,11475
2020_IEHC_32,44373
2019_IEHC_752,34109
2022_IECA_32,34598
2019_IECA_48,18559
2017_IEHC_745,1925
2020_IECA_91,9072
2022_IEHC_329,8195
2011_IEHC_321,27153
2019_IEHC_486,53159
2017_IECA_51,41264
2017_IECA_258,8241
2017_IESC_65,3920
2022_IECA_142,18803
2013_IEHC_95,58696
2022_IEHC_279,26283
2022_IECA_104,61807
2022_IEHC_170,35119
2014_IEHC_385,64298
2011_IESC_29,34397
2021_IEHC_694,59811
2021_IEHC_404,33805
2020_IESC_52,49291
2014_IEHC_488,47867
2019_IEHC_434,62029
2011_IEHC_357,3654
2021_IECA_114,53210
2001_IEHC_148,50322
2022_IEHC_147,15376
2022_IECA_93,42987
2002_IESC_44,27593
2020_IEHC_415,50198
1998_UKHL_52,2537
2022_IEHC_347,50565
2014_IECA_9,9202
2009_IEHC_599,63619
2015_UKUT_413,7004
2022_IEHC_207,56361
2016_IEHC_430,51416
2022_IEHC_282,62674
2015_IECA_265,25136
2016_IEHC_414,4486
2019_IESC_34,3995
2021_IEHC_265,29773
2017_IEHC_240,40632
2022_IECA_68,22744
2017_IECA_226,49088
2022_IEHC_352,47524
2016_IECA_207,60426
2020_IEHC_283,43552
2018_IEHC_194,64986
2020_IECA_310,58446
2021_IEHC_747,3884
2019_IECA_38,63656
2020_IECA_141,43478
2020_IEHC_634,62415
2022_IEHC_371,59247
2020_IEHC_561,37320
2019_IESC_72,35145
2015_IECA_126,16372
2020_IEHC_18,51516
2017_IECA_221,51946
2016_IEHC_300,55706
2015_IECA_210,34643
1991_ILRM_135,61263
2001_IESC_85,59526
2010_IEHC_275,2303
2011_IESC_16,3558
2019_IEHC_856,19330
2021_IEHC_485,38810
2019_IEHC_829,49294
2017_IEHC_234,21274
2021_IEHC_90,43971
2021_IECA_240,20797
2016_IECA_55,47245
2013_IEHC_146,35233
1982_ILRM_421,10159
2010_IEHC_427,193
2013_IEHC_216,50411
2021_IEHC_415,31820
2009_EWHC_816,60713
2021_IEHC_802,48403
2022_IEHC_199,19400
2020_IEHC_84,31535
2020_IEHC_79,18220
2014_IEHC_207,13167
2005_IEHC_80,7785
2022_IECA_44,61094
2020_IEHC_531,10803
2021_IEHC_491,49833
2012_IEHC_391,4302
1989_BCLC_626,12537
2021_IECA_259,22028
2022_IEHC_290,55725
2013_IEHC_104,10675
2015_IEHC_201,13957
2020_IEHC_560,26555
2018_IEHC_763,36883
2021_IEHC_720,13894
2015_IESC_21,43722
2019_IECA_217,25792
2018_IECA_140,58076
2022_IEHC_77,61531
2020_IECA_253,27837
2019_IECA_346,30694
2015_IEHC_441,63320
2019_IEHC_555,6675
2020_IEHC_257,20625
2017_IEHC_421,29961
2017_IESC_26,40084
2020_IEHC_569,47640
2012_IEHC_559,44680
2021_IEHC_698,45826
2022_IEHC_110,30680
2012_IEHC_575,26793
2020_IECA_241,53209
2021_IECA_261,9018
2021_IEHC_369,64566
2022_IEHC_129,10508
2018_IESC_39,18420
2021_IEHC_644,62842
2021_EWHC_315,9570
2018_IESC_61,21818
2008_UKHL_40,58564
2003_IESC_67,54249
1932_NZLR_195,44732
2021_IEHC_645,48075
2022_IECA_21,26957
2021_IEHC_798,2579
2021_IEHC_811,36437
2017_IEHC_613,48416
2019_IEHC_412,16720
2021_IEHC_344,8035
2014_IESC_21,32302
2021_IEHC_762,50591
2016_IEHC_666,34064
2022_IESC_000,45817
2020_UKSC_31,35489
2013_IESC_55,29383
1999_IEHC_245,10892
2019_IEHC_431,47960
2022_IEHC_118,49780
2017_IEHC_800,54082
2010_IEHC_95,30109
2008_IEHC_42,3220
2015_IEHC_393,9885
2020_IEHC_162,44862
2009_IESC_69,65026
2019_IEHC_837,20081
2009_IEHC_220,741
2022_IEHC_301,14783
2016_IEHC_689,45930
2014_IEHC_213,23585
2019_UKSC_20,53408
2022_IEHC_348,14131
2021_IESC_42,62497
2022_IECA_88,28815
2012_IEHC_221,22134
2015_IESC_42,42138
2001_IESC_54,37245
2021_IESC_65,28502
2020_IEHC_4,54719
2007_IEHC_15,14681
2021_IEHC_794,15426
2022_IECA_78,32411
2008_IEHC_94,15612
2020_IECA_233,19638
2021_IEHC_723,15970
2022_IECA_46,15465
2021_IEHC_332,65297
2017_IEHC_699,10141
2020_IECA_318,55235
2021_IEHC_605,9586
1981_ILRM_47,26441
2022_IEHC_342,31400
2022_IECA_115,47871
2022_IEHC_189,12901
2007_IEHC_169,62126
2021_IEHC_531,23925
2018_IEHC_584,36012
2021_IECA_331,30448
2019_IECA_00,16630
2022_IESC_7,31436
2018_IEHC_200,5669
2020_IEHC_105,28464
2013_IEHC_157,8766
2021_IEHC_137,11124
2022_IEHC_353,25999
2022_IEHC_184,29371
2021_IEHC_27,29962
2011_IEHC_470,1137
2022_IEHC_363,28868
2020_IECA_239,6027
2006_EWHC_1062,57268
2017_IESC_54,23734
2020_IECA_353,6363
2013_IEHC_424,20123
2004_IESC_5,50578
2020_IEHC_539,37831
2007_IEHC_80,12228
2021_IEHC_721,38379
2020_IECA_49,5824
2022_IECA_12,42906
2013_IEHC_282,5568
2014_IESC_1,56884
2021_IEHC_374,45742
2014_IEHC_308,39705
2021_IEHC_631,27669
2019_IECA_86,32283
2011_IEHC_376,33294
2003_IESC_18,53951
2014_IEHC_367,43526
1987_ILRM_36,11810
2015_IECA_276,44768
2020_IESC_67,57426
2018_IESC_5,20244
1985_ILRM_533,15470
2017_IEHC_403,6166
2015_IESC_31,1986
2021_IECA_322,9801
2016_EWCA_1089,43567
2022_IEHC_296,47937
2021_IECA_237,35883
2021_IEHC_460,49932
2022_IEHC_209,42063
2018_IECA_384,7964
2017_EWHC_2452,65058
2020_IEHC_357,38533
2021_IEHC_298,34607
2012_IEHC_442,28448
2019_IEHC_879,58037
2015_UKPC_28,20062
2008_IEHC_156,54089
2021_IEHC_438,45878
2021_IECA_50,29504
2018_IECA_300,255
2021_IECA_269,39069
2014_IESC_71,56892
2011_IEHC_438,46626
2013_IESC_16,45153
2021_IECA_17,62991
2021_IEHC_197,2269
2021_IEHC_587,34204
2011_IESC_47,25620
2021_IECA_270,18216
2018_IEHC_550,49097
2021_IEHC_106,17605
2006_IESC_67,345
2022_IEHC_383,16727
2017_IEHC_288,23535
2017_IEHC_570,61007
2016_IECA_410,22381
2021_IECA_113,57919
2022_IEHC_92,45661
2021_CSIH_53,59289
2017_IEHC_185,58679
2017_UKSC_67,33810
2015_IEHC_759,12867
2022_IEHC_70,61239
2021_IEHC_289,19804
2021_IEHC_408,22000
2015_IECA_307,55343
2021_IEHC_659,58837
2020_IEHC_199,55266
2020_IEHC_333,31783
2012_IEHC_479,16283
2021_IEHC_236,4320
2022_IEHC_300,8240
2020_IECA_184,11579
2020_IEHC_73,59492
2020_IEHC_608,54122
1999_IEHC_8,8211
2021_IEHC_821,13966
2013_IESC_9,19142
2012_IEHC_367,62571
2021_IECA_209,59225
2021_IEHC_612,5272
2022_IEHC_345,51135
1981_ILRM_324,63874
2015_IEHC_662,57024
2018_IEHC_326,30547
2013_IEHC_234,55532
2021_IEHC_510,63607
2000_IEHC_34,43155
2018_UKSC_56,32570
2021_IEHC_736,4671
2016_IESC_33,9856
2021_IESC_60,52607
2010_UKSC_49,5066
2015_IEHC_757,10530
2012_IESC_18,33968
2010_IEHC_479,43431
2021_IEHC_85,24152
2012_IESC_58,4148
2013_IEHC_208,50511
2022_IEHC_117,43307
2022_IECA_28,18379
2008_IESC_14,9002
2021_IEHC_273,15278
2019_IECA_59,29363
2019_IEHC_537,3140
2020_IECA_213,13311
2016_IEHC_599,46414
2001_IESC_68,42329
2019_IEHC_306,2550
2022_IEHC_306,5243
2022_IEHC_378,12378
2013_IEHC_360,45714
2014_IESC_48,50278
2021_IEHC_724,35482
2011_IEHC_488,8647
2022_IEHC_262,51318
2017_IESC_25,45394
1985_IESC_8,3649
2017_IEHC_94,27303
2021_IECA_340,28410
2022_IEHC_21,62073
2020_IEHC_45,61724
2012_IESC_23,3332
2015_IESC_29,3603
2017_IESC_61,34935
2018_IECA_125,29694
2021_IECA_265,2972
2020_IESC_25,14374
2006_IEHC_59,59794
2017_IECA_293,28124
2022_IEHC_71,51305
2021_IEHC_681,45029
2015_IEHC_203,36021
2018_IEHC_225,12446
2018_IEHC_760,48007
2013_IESC_61,5876
2021_IEHC_691,54955
2017_IEHC_652,51891
2020_IECA_166,16718
2019_IESC_73,11855
2021_IECA_336,45406
2021_IEHC_50,28953
2021_IEHC_602,26256
2022_IEHC_42,32536
2021_IEHC_636,33474
2017_IECA_232,28351
2017_IECA_248,42384
2022_IEHC_255,26451
2018_IEHC_104,38427
2022_IESC_18,62560
2014_IEHC_596,62971
2010_IEHC_218,57916
2019_NICA_13,9263
2021_IEHC_439,55824
2020_IEHC_252,28248
2020_IECA_367,31326
2016_IESC_9,54324
2011_IEHC_107,12608
2022_IEHC_247,15265
2022_IECA_30,16135
2011_IEHC_140,11976
2022_IECA_112,52804
2016_IEHC_490,48374
2021_IEHC_230,12079
2004_IEHC_387,47862
2021_IECA_155,7576
2022_IECA_54,10459
2017_IESC_18,5810
2021_IEHC_690,11983
2012_IEHC_382,25047
2013_IEHC_54,39968
2018_IESC_49,64796
2022_IECA_103,39468
2022_IESC_29,17327
2022_IEHC_275,29088
2019_IEHC_183,3616
2021_IEHC_326,13302
2020_IEHC_316,4151
2021_IEHC_840,57868
2016_IESC_4,31151
2020_IECA_324,49568
2021_IECA_188,22725
2021_IEHC_16,48909
2022_IECA_302,23086
2013_IEHC_43,58982
2016_IEHC_705,56929
2016_IEHC_688,43430
2015_IESC_53,37232
2020_IEHC_368,9424
2007_IEHC_30,41578
2021_IEHC_547,23016
1986_ILRM_716,42271
2019_IEHC_763,8358
2021_IECA_3,21391
2018_IECA_120,37983
2019_IECA_123,56611
2019_EWCA_2101,29866
2022_IEHC_99,57552
2021_IEHC_827,49521
2019_IEHC_61,24389
2018_IESC_36,49327
2019_IEHC_461,53694
2017_IEHC_285,21370
2022_IEHC_330,45205
2010_EWHC_2625,53572
2022_IEHC_238,3667
2017_IEHC_827,60131
2022_IEHC_332,4873
2021_IEHC_831,15462
2019_IECA_27,15034
2003_IEHC_31,23507
2015_EWHC_1078,64368
2020_IEHC_344,57357
2022_IEHC_281,2129
2022_IEHC_206,10866
2014_IEHC_487,16803
2001_IESC_10,45053
2019_IESC_18,9383
2020_IECA_359,41334
2017_IEHC_401,38139
2021_IECA_62,17611
2013_IEHC_230,47818
2015_IEHC_450,58534
2020_IEHC_121,7436
2022_IEHC_410,50541
2022_IEHC_57,32768
2020_IEHC_657,20857
2011_UKSC_50,8309
2011_IESC_17,35798
1983_ILRM_34,47257
2020_IECA_100,29193
2022_IEHC_46,36015
2022_IEHC_440,25336
2021_IEHC_853,35656
1999_IEHC_199,36197
2015_IEHC_176,15330
2017_IECA_288,59836
2014_IEHC_65,40156
2006_IEHC_318,5577
2018_IECA_281,15220
2022_IEHC_190,33186
2016_IECA_56,61633
2006_IEHC_102,17495
2013_IESC_52,3631
2019_UKSC_59,61605
2022_IEHC_382,43536
2011_IEHC_92,64341
2018_IEHC_461,14540
2022_IESC_11,54967
2015_lESC_64,6872
2016_IECA_2006,39686
2000_IESC_80,49148
2021_IEHC_845,49858
2014_IESC_3,37159
2015_IESC_27,55300
2021_IECA_22,61958
2017_IEHC_268,29224
2019_IEHC_734,45463
2015_IESC_46,10133
2015_IECA_158,61817
2019_IESC_33,6550
2019_IECA_183,50491
2021_IEHC_267,34141
2016_IECA_93,2628
2020_IEHC_372,22340
2016_IEHC_742,13139
2018_UKSC_34,61133
2020_IECA_268,20418
2021_IEHC_730,51135
2011_IEHC_305,28975
1998_EMLR_161,40168
2020_IECA_315,25639
2020_IECA_304,59792
2012_IEHC_539,11461
2013_EWHC_2118,25
2021_IEHC_820,52957
2008_IEHC_52,53322
2020_IEHC_518,45425
2021_IEHC_701,17439
2020_EWHC_3566,48487
2020_IEHC_607,48909
2021_IECA_281,21280
2013_IEHC_55,20555
2022_IEHC_299,31797
2005_IESC_6,31121
2020_IESC_34,41440
2010_IESC_29,56566
2022_IECA_55,39469
2016_IEHC_82,61661
2020_IEHC_36,36852
1998_IEHC_15,8387
2021_IEHC_375,15715
2003_IESC_23,50234
2022_IECA_94,46376
2018_IEHC_402,15812
2018_IECA_312,64273
2009_IEHC_46,36444
2006_IEHC_276,30885
2021_IEHC_537,29056
2022_IEHC_154,36753
2012_IEHC_66,5918
2011_IESC_50,34982
2009_IESC_81,43745
2022_IESC_27,53231
2018_IECA_63,60853
2019_IEHC_250,11279
1980_ILRM_94,60906
2009_IESC_5,39865
2007_IESC_20,18992
2018_IEHC_762,35952
2022_IECA_107,40907
2022_IECA_18,13919
2021_IECA_12,4046
1996_ILRM_290,28836
2010_IEHC_3,28176
2013_IESC_49,29269
2018_IEHC_504,55834
2022_IECA_140,60908
2020_IEHC_551,26130
2021_IECA_279,20519
2022_IEHC_274,61155
2017_IEHC_366,12261
2017_IEHC_47,61616
2021_IECA_251,43289
2000_IESC_53,48011
2020_IEHC_13,42928
2019_IECA_138,9894
2022_IEHC_213,8068
2008_IEHC_111,57553
2020_IESC_66,29129
2019_IEHC_724,16905
1989_ILRM_452,32245
2020_IEHC_216,9063
2021_IEHC_271,33915
1984_ILRM_523,13359
2017_IEHC_600,27599
2020_IEHC_89,35611
2022_IEHC_165,39453
2005_IEHC_526,34427
2021_IECA_185,36722
2022_IEHC_315,59880
2015_IESC_73,5468
2021_IECA_127,8391
2021_IEHC_420,64117
2021_IECA_37,9807
2018_IESC_11,60482
2001_IEHC_59,58029
2016_IEHC_309,55356
2012_IESC_35,33265
2017_IEHC_557,27512
2017_IESC_10,21793
2007_IEHC_38,19013
2022_IECA_98,61953
2019_IEHC_33,63362
2016_IECA_243,51905
2021_IEHC_224,42859
2016_IECA_163,11351
2020_IEHC_185,54000
2021_IEHC_660,34883
2014_IEHC_446,45451
2020_IECA_73,28475
2015_IEHC_330,45671
2022_IEHC_182,43387
2020_IEHC_532,38147
2020_IEHC_200,57639
2019_IECA_154,7812
2021_IEHC_852,41575
2005_IEHC_361,5475
2014_IEHC_41,21261
2015_IEHC_446,52586
2013_IEHC_539,56940
2021_IEHC_4,36849
2009_IEHC_4,61633
2015_IECA_69,39767
2012_IEHC_434,41027
2020_IEHC_395,61827
2014_IEHC_196,44086
2016_IEHC_737,12676
2022_IEHC_234,13245
2012_IEHC_114,57228
2008_IESC_13,53200
2013_IESC_12,5478
2011_IEHC_526,59621
2015_IECA_104,48347
1986_ILRM_239,8490
2017_IEHC_127,65136
2015_IESC_98,4799
1999_IEHC_116,7512
2020_IEHC_621,18142
2020_IEHC_528,36102
2018_IEHC_653,1795
2009_IEHC_455,36915
2009_IEHC_243,8692
2022_IEHC_417,63155
2017_IEHC_598,39975
2017_IEHC_750,17695
2021_IEHC_710,7381
2017_IEHC_651,1340
1983_ILRM_156,52596
2019_IEHC_450,48428
2008_IEHC_190,17410
2022_IEHC_202,61992
2021_IECH_67,34233
2019_IEHC_268,63140
2013_IESC_7,3992
2017_IEHC_660,39861
1988_ILRM_177,41263
2017_IEHC_27,13556
2019_IESC_91,21265
2021_IEHC_751,5064
2020_IEHC_299,50077
2021_IEHC_668,35635
2021_IECA_165,3768
2022_IEHC_384,48462
2015_IESC_32,45124
2022_IEHC_280,37956
2006_IEHC_328,60517
2020_IEHC_270,28652
2015_IESC_11,15919
2015_IEHC_467,14024
2021_IECA_1,45128
2010_IEHC_129,53202
2011_IESC_40,11195
2021_IECA_286,22126
2004_IEHC_219,47220
2022_IECA_45,25364
2013_IEHC_520,44626
1979_IEHC_1,62392
2012_IEHC_459,49904
2018_IEHC_432,5951
2015_EWHC_2963,27485
2021_IEHC_459,26201
2010_IEHC_255,4949
2022_IEHC_29,62855
2022_IEHC_200,39160
2008_IESC_3,36703
2020_IECA_111,42426
2022_IEHC_47,30003
2017_EWHC_3404,63030
2021_IEHC_787,36949
2015_IEHC_649,39615
2021_IEHC_150,469
2015_EWHC_3745,58392
2022_IEHC_68,38381
2022_IEHC_145,25099
2018_IEHC_773,33972
2022_IEHC_19,19656
2022_IECA_19,22015
2022_IEHC_365,22237
2022_IEHC_229,22196
2021_IEHC_684,43441
2016_IEHC_568,22720
2022_IEHC_94,48540
2005_IEHC_402,19862
2009_IEHC_354,5107
2020_IEHC_348,51085
2019_IEHC_319,27827
2016_IECA_235,54628
2020_IEHC_345,17640
2021_IECA_242,3628
2014_IEHC_350,3225
2018_IECA_56,59411
2012_IESC_11,11470
2017_IESC_60,6337
2015_IESC_88,36323
2004_EWHC_2729,50192
2022_IEHC_90,25283
2021_IEHC_754,20370
2019_IESC_92,4996
2010_IESC_53,41154
2022_IEHC_127,58960
2021_IECA_329,40450
2022_IEHC_250,12750
2011_IEHC_117,44471
2022_IEHC_231,5278
2017_IEHC_482,45755
2012_IEHC_233,3707
2010_IEHC_212,58914
2021_IECA_108,25605
2015_IECA_74,44142
2009_IEHC_159,53990
2022_IEHC_214,8510
2022_IEHC_134,660
2019_IEHC_605,10196
2009_IESC_48,56195
2005_EWHC_1162,37188
2019_IECA_5,6093
2021_IEHC_386,60966
2013_IEHC_256,41061
2016_IECA_205,36850
2020_IEHC_371,62257
1988_ILRM_373,55599
2022_IEHC_87,37128
2022_IEHC_261,28263
2013_IEHC_167,26360
2019_NICA_38,57604
2021_IEHC_806,10406
2022_IEHC_133,47679
2020_IEHC_485,28191
2021_IEHC_146,12465
2022_IEHC_122,1372
2021_IESC_83,9991
2015_IECA_246,43935
2017_IEHC_681,20208
2020_IEHC_163,57637
1988_IEHC_16,58046
2020_IECA_18,11402
2012_IEHC_20,39610
2012_IEHC_274,29757
2017_IEHC_828,2721
2022_IEHC_11,29287
2011_IESC_14,50337
2004_IESC_95,44816
2019_IEHC_685,31672
2015_IEHC_696,43038
2022_IEHC_334,37045
2017_IESC_1,10074
2021_IEHC_700,39942
2018_IEHC_781,37947
2021_IEHC_453,25506
2020_IEHC_642,52874
2019_IESC_30,53220
2020_IESC_60,25
2021_IESC_76,25322
2022_IEHC_308,42203
2011_IESC_23,2267
2016_IEHC_199,59196
2016_IEHC_222,35393
2021_IECA_249,22706
2021_IEHC_683,36887
2021_IECA_204,16089
2017_IEHC_397,55902
2022_IECA_66,42061
2005_IEHC_380,4664
2021_UKSC_57,9593
2022_IEHC_18,37565
1995_ILRM_189,13230
2020_IEHC_465,14300
1995_EMLR_472,55355
2022_IEHC_323,4545
2021_IEHC_692,9696
2018_IEHC_134,53049
2022_IEHC_398,18070
2022_IECA_43,63362
2022_IEHC_197,25802
2018_IECA_84,14942
2021_IECA_96,2727
2015_IESC_23,42492
2015_EWHC_3395,35643
2013_IEHC_569,58142
2021_IEHC_693,60422
2021_IEHC_34,26812
2021_IESC_78,24535
2022_IEHC_75,53374
2021_IECA_338,14758
2021_IECA_68,24076
2015_IECA_19,57595
2021_IESC_75,51750
2022_IEHC_322,37626
2019_IECA_348,38977
2015_IEHC_579,12990
2022_IECA_141,54656
2020_IEHC_110,51344
2015_IEHC_484,12452
2020_IEHC_690,43496
2022_IECA_73,33049
2019_IESC_7,51520
2020_IEHC_401,45625
2015_IEHC_664,30833
2007_IEHC_398,4988
2011_IEHC_439,47119
2006_IEHC_392,48899
2021_IEHC_839,17966
2022_IEHC_65,35656
2020_IECA_138,23754
2021_IEHC_812,56370
2006_IEHC_209,22711
2021_IECA_292,702
2005_IESC_18,56213
2015_IEHC_606,23243
2019_IEHC_890,915
2022_IECA_124,23160
2021_IEHC_305,34452
2021_IECA_273,62058
2009_IEHC_7,32541
2010_IESC_16,52249
2019_IEHC_611,2021
2014_IESC_63,30033
2019_IEHC_247,42663
2021_IEHC_665,29551
2019_IEHC_517,52567
2012_WASC_254,45823
2004_IEHC_423,19651
2021_IESC_67,63743
2021_IEHC_67,4431
2020_IECA_211,1000
2020_IEHC_273,24195
2022_IESC_28,37411
2015_IEHC_248,54185
2021_IEHC_75,59377
2015_IECA_24,30669
2022_IECA_146,25586
2017_IEHC_409,11411
2015_IEHC_725,39927
2022_IEHC_380,2018
2021_NIQB_60,58463
2020_IEHC_122,50091
2018_IECA_204,32459
2021_IECA_354,42019
2019_IECA_326,18417
2020_IECA_176,64425
2010_IEHC_410,65082
2014_IESC_24,34188
2018_IEHC_340,53851
2020_EWHC_239,8696
2011_IEHC_24,16085
2013_UKSC_8,57476
2016_IESC_14,64980
2019_IESC_57,33345
2007_IEHC_258,51739
2019_IECA_251,3468
2022_IEHC_374,9916
2010_IEHC_30,13338
2012_IEHC_394,63567
2018_IESC_80,50306
2018_IESC_68,37695
2022_IECA_76,39640
2022_IEHC_97,20683
2019_IESC_53,59587
2017_IEHC_581,25737
2015_IEHC_461,43286
2022_IEHC_89,5223
2010_IEHC_516,19656
2017_IEHC_504,55174
2022_IECA_57,10821
2013_IEHC_301,994
2022_IEHC_85,5594
2021_IEHC_115,41038
2019_UKSC_7,38670
2022_IEHC_196,35319
2016_IEHC_343,50354
2010_IEHC_152,2488
2022_IEHC_9,41482
2008_IEHC_401,63635
2018_IECA_370,53283
2021_IECA_31,43846
2021_IECA_312,28849
2018_IECA_132,37609
2015_IESC_59,152
2021_IESC_36,4761
2022_IECA_109,55986
2021_IEHC_29,4290
2021_IECA_304,25591
2022_IEHC_273,40032
2013_IEHC_392,43822
2022_IEHC_151,26135
2017_IECA_283,49085
2021_IEHC_226,48894
2021_IECA_29,9053
2019_IEHC_298,53339
2004_UKHL_27,38504
2022_IEHC_305,37256
2022_IEHC_17,41641
2010_IEHC_234,13460
2008_IEHC_437,13795
2013_IEHC_608,25332
2011_UKSC_12,23233
2021_IECA_283,12062
2020_IESC_12,47068
2016_IEHC_161,63341
2020_IEHC_399,3104
2016_IEHC_353,1801
2021_IECA_315,54053
2019_IESC_6,58685
2012_IESC_24,8942
2020_IEHC_598,44598
2018_IEHC_107,42531
2007_IESC_42,45831
2021_IESC_64,40799
2016_IEHC_36,60626
1996_IEHC_46,41433
2019_IEHC_138,6303
2003_IEHC_101,4488
2021_IECA_72,18488
2013_IESC_22,60667
2018_IEHC_677,35811
2021_IEHC_634,6882
2014_IEHC_613,58411
2008_IEHC_191,7901
2019_UKSC_2,27839
1965_NSWR_194,42688
2009_IEHC_228,61153
2022_IEHC_84,49207
2022_IEHC_289,16335
2021_IEHC_283,14202
2022_IEHC_252,30072
2020_IECA_123,54079
2021_IEHC_521,17168
2022_IEHC_402,32984
2022_IEHC_277,29476
2019_IEHC_782,33068
2016_IEHC_618,41821
2007_UKPC_12,2454
2011_IESC_36,40694
2017_IESC_40,50468
2019_IEHC_560,34192
2009_IEHC_408,6818
2020_IEHC_403,36626
2017_IEHC_46,44840
2013_IEHC_430,37303
2022_IEHC_69,60711
2021_IEHC_89,45798
2021_IEHC_40,46110
2008_UKHL_49,28227
2017_IESC_16,175
2016_IECA_292,26891
2018_IEHC_266,12693
2020_IEHC_606,7694
2016_IECA_141,10926
2018_IEHC_201,64106
2021_IECA_255,52915
2015_IEHC_357,17966
2021_IEHC_782,30690
1993_ILRM_1,58399
2008_IEHC_3,52779
2021_IEHC_306,22275
2017_IEHC_155,63313
2021_IEHC_718,64433
2017_IECA_267,46362
2012_IEHC_553,31226
2021_IEHC_593,20996
2000_IEHC_96,33854
2011_IEHC_110,27952
2017_IESC_71,39475
2021_IESC_61,63932
2020_IESC_9,26739
2022_IEHC_33,58947
2017_IEHC_147,41217
2006_IEHC_166,31969
2014_IEHC_638,41448
2019_IEHC_814,50204
2007_IEHC_86,43542
2021_IEHC_330,15829
2016_EWHC_2034,33726
2020_IESC_10,21093
2021_IESC_15,44846
2011_IEHC_38,32033
2021_IEHC_768,58655
2022_IESC_26,35158
2020_NICA_35,34527
2008_IEHC_234,27361
2020_IESC_37,52699
2022_IECA_110,36418
2018_IEHC_790,64712
2007_IEHC_37,9438
2019_IEHC_892,20731
2021_IESC_28,19135
2022_IEHC_96,6501
2020_IEHC_224,8722
2010_IEHC_387,16018
2021_IEHC_620,41061
2019_IEHC_11,46358
2012_IEHC_26,25926
2014_IEHC_511,12835
2020_IECA_302,49415
2022_IEHC_235,55333
2018_IESC_69,50159
2019_IECA_255,44536
2019_IECA_18,63565
2015_IECA_127,21226
2021_IEHC_214,51499
2010_IESC_54,25079
2022_IEHC_311,52295
2022_IEHC_393,4794
2006_UKHL_53,19098
2010_IEHC_200,48525
2016_IECA_92,52866
2014_IEHC_203,11615
2021_IECA_244,53605
2021_IEHC_623,1640
2020_IECA_55,24759
2018_IEHC_239,58132
2021_IECA_282,35081
2014_IESC_66,24936
2017_IECA_195,24937
2015_IECA_309,9674
1991_ILRM_301,55308
2018_IECA_197,34905
2022_IEHC_217,29133
2015_IEHC_839,32777
2021_IECA_93,15351
2017_IESC_46,38909
2022_IEHC_88,38175
2012_IEHC_33,57536
2018_IEHC_128,54440
2022_IEHC_218,41656
2019_IEHC_379,65463
2019_EWHC_130,40124
2019_IEHC_667,50378
2021_IEHC_601,46579
2005_IEHC_134,27087
2016_IECA_307,35009
2017_IEHC_99,14875
1984_ILRM_161,58044
2019_IEHC_571,6521
2016_IESC_59,62342
2014_IESC_59,9837
2012_IESC_37,7754
2005_IESC_89,31254
2021_IECA_203,18401
2016_IECA_327,53947
2015_IEHC_40,17877
2008_IEHC_146,55806
2020_IESC_40,17871
2014_IESC_53,8860
2008_IESC_24,42274
2017_IECA_96,19821
2022_IECA_135,34575
2016_IEHC_485,37559
2021_IEHC_594,13719
2021_IECA_219,59001
2012_IEHC_454,35366
2011_IEHC_81,54561
2020_IEHC_659,7381
2022_IEHC_349,53778
2004_IEHC_129,44776
2013_IEHC_453,43432
2021_PNLR_9,6553
2017_IEHC_287,33996
2020_IEHC_177,28509
2022_IECA_85,23369
2005_IEHC_182,53650
2022_IEHC_239,13813
2020_IEHC_688,16645
2013_IEHC_9,28749
2020_IESC_28,28338
2021_IEHC_639,8332
2013_IEHC_311,14635
2011_IEHC_453,61645
2010_IESC_21,14347
2020_IEHC_60,18149
2020_IEHC_685,24687
2019_IECA_109,35668
2014_IEHC_284,20482
2021_IEHC_796,16053
2020_IEHC_649,45162
2019_IEHC_789,3398
2013_UKSC_26,43779
2020_IESC_70,15205
2019_IECA_266,53403
2015_IEHC_18,47023
2022_IEHC_155,53280
2022_IEHC_317,6972
2014_IESC_40,41251
2021_IECA_308,9692
2010_UKSC_43,61727
2014_IESC_57,6708
2009_IESC_13,46099
2021_IEHC_771,38930
2018_IECA_402,32623
2020_IEHC_589,42246
2016_IEHC_448,24346
2022_IEHC_174,58435
2018_IEHC_454,22607
2019_IECA_173,1393
2009_IESC_47,52877
2019_IEHC_553,10964
2020_IECA_289,62797
2021_IEHC_748,45616
2018_IEHC_491,35779
2018_IECA_264,43058
2004_IESC_105,11485
2001_IESC_94,403
2014_IEHC_251,10422
2021_IECA_111,30464
2014_IEHC_324,4589
2018_IEHC_474,65122
2013_IEHC_325,36912
2021_IEHC_276,982
2021_IESC_80,24673
2019_IEHC_289,49037
2021_IEHC_288,58278
2022_IEHC_26,23940
2022_IECA_2,24101
2022_IECA_70,42736
2008_IEHC_192,48768
2006_IEHC_289,29219
2008_IEHC_197,20069
2020_IEHC_427,36687
2019_IECA_242,38458
2021_IEHC_140,8951
2004_IESC_52,51018
2015_IEHC_622,22944
2012_IEHC_374,54070
2010_IEHC_19,18162
2017_IEHC_215,10018
2022_IEHC_441,59250
2010_UKSC_9,30615
2012_IEHC_14,62661
2016_IESC_23,56606
2020_IEHC_515,47001
2022_IESC_22,45592
2019_IEHC_273,37031
2019_IESC_82,21398
2021_IEHC_496,43567
2022_IECA_118,17402
2016_IEHC_696,3326
2014_IEHC_567,64419
2015_IEHC_638,43945
2022_IEHC_141,46168
2022_IEHC_340,5447
2022_IEHC_249,38359
2021_IECA_16,16505
2022_IEHC_226,45405
2018_IEHC_779,53473
2021_IEHC_538,33700
2016_IEHC_113,18122
2021_IEHC_519,41062
2017_IEHC_278,54787
2022_IECA_3,21847
2014_IEHC_540,65314
2014_IEHC_527,47088
2015_IEHC_631,35476
2021_UKSC_20,20248
2021_IECA_171,14928
2018_IEHC_468,11172
2019_IECA_147,51421
2009_IESC_53,10516
2022_IECA_144,61520
2020_IECA_132,35691
2022_IEHC_211,42547
2018_EWHC_1508,40691
2021_IEHC_642,48433
2017_IEHC_431,3510
2022_IEHC_59,37012
2021_IEHC_414,23005
2019_IECA_216,65375
2022_IEHC_370,54378
2021_IEHC_656,32556
2022_IECA_62,8699
2021_IEHC_744,26359
2005_IEHC_169,48448
2022_IEHC_288,45769
2022_IEHC_228,36395
2022_IEHC_166,15957
2015_UKUT_366,41875
2021_IECA_258,16860
2019_IECA_278,11887
2022_IEHC_8,53099
2019_IEHC_918,48319
2021_IEHC_696,47409
2020_IEHC_673,40795
2007_IEHC_108,3480
2019_IECA_213,14182
2013_IESC_28,11277
2021_IESC_82,36512
2019_IESC_24,58319
2021_IEHC_588,31849
2018_IEHC_810,7032
2001_IEHC_110,2188
2021_EWHC_2024,58071
2011_UKUT_341,60403
2021_IEHC_441,25934
2015_IESC_64,55404
2020_IEHC_17,29635
2019_IECA_182,48573
2003_UKHL_40,2218
2015_IESC_39,48988
2013_IESC_1,14024
2022_IEHC_139,24575
2007_IESC_21,48397
2017_IECA_250,18132
2005_IESC_81,7976
2021_IECA_316,32344
2021_IEHC_426,51842
2022_IEHC_372,4369
2016_IESC_45,37523
2006_IEHC_317,43930
2017_IESC_36,31231
2020_IECA_88,55569
2021_IEHC_232,17460
2016_IECA_366,38264
2021_IESC_59,55962
2020_IEHC_389,5263
2005_IEHC_294,21613
2017_IEHC_149,26504
2014_IESC_65,15496
2017_IEHC_458,58688
2017_IEHC_280,12842
2018_ECHR_674,54736
2017_IESC_14,54975
2010_IESC_41,1721
2019_IEHC_952,36228
2017_IESC_83,22907
2020_IEHC_582,60748
2020_IEHC_286,59429
2004_IEHC_220,1650
2009_IESC_75,62788
2017_IEHC_783,3328
2016_IEHC_443,18329
2021_IEHC_752,11278
2021_IEHC_303,20969
2015_IESC_66,36264
2016_IESC_6,6977
2017_IEHC_539,35253
2013_IESC_17,15657
2012_IESC_49,41818
2007_IEHC_299,62040
2008_IEHC_235,24142
2020_IECA_334,40847
2006_IESC_23,28104
2022_IEHC_336,65267
2022_IEHC_260,59203
1999_IEHC_15,55861
2021_IEHC_739,3444
2010_IEHC_207,53871
2015_IECA_325,15048
2015_IEHC_798,17854
2011_IEHC_51,50846
2009_IEHC_288,60644
2015_IEHC_756,50432
2017_IEHC_632,41148
2018_IEHC_726,7826
2011_IEHC_171,33195
2019_IEHC_433,6225
2017_IECA_163,57381
2005_ILRM_290,42949
2012_EWHC_1848,12459
2007_IEHC_190,52188
2016_IEHC_398,62300
2005_IEHC_150,31680
2021_IECA_206,33418
2021_IECA_75,63040
2014_IECA_18,37495
2021_IEHC_627,37658
2021_IEHC_170,21967
2018_IESC_54,53723
2022_IEHC_130,48640
2021_IEHC_78,35787
2016_IEHC_540,63859
2005_IESC_39,31870
2019_IECA_329,44123
2017_IECA_296,37765
2021_IEHC_262,59015
1987_ILRM_669,47624
2010_IEHC_362,39467
2011_IEHC_265,18546
2022_IEHC_389,19101
2020_IECA_296,4698
2010_IEHC_231,26130
2015_IECA_147,43405
2011_IEHC_380,44976
2019_IEHC_646,40695
2022_IEHC_270,52101
2021_IECA_297,57146
2020_IEHC_377,20288
2019_IEHC_462,55483
2019_IEHC_446,9672
2014_IEHC_115,42311
2022_IEHC_160,25438
2013_ECHR_1768,31274
2018_EWHC_2094,21409
2001_WTLR_205,8493
2017_IESC_21,34955
2021_IEHC_650,57860
2020_IEHC_586,24333
2021_IESC_10,13854
2021_IECA_275,64524
2018_IEHC_611,49205
2022_IEHC_49,7960
2010_IEHC_187,6557
2020_IEHC_154,16701
2015_ECHR_77,51743
2016_IEHC_539,44184
2018_IEHC_510,16559
2022_IECA_56,61082
2010_IEHC_465,50680
2018_IECA_352,1263
2022_IEHC_310,39036
2020_IECA_221,28318
2013_IEHC_237,41086
2015_IEHC_27,52176
2021_IEHC_632,1027
2020_IESC_44,39863
2014_IEHC_29,5506
2021_IEHC_737,3113
2019_IEHC_284,49042
2021_IEHC_824,51697
2021_IEHC_784,25157
2020_IEHC_350,53762
2015_IESC_20,62498
2010_IEHC_313,23537
2021_IEHC_617,41497
2004_IESC_98,62859
2022_IEHC_335,27096
2021_IECA_321,64474
2022_IEHC_37,9828
2021_IEHC_76,22916
2009_IEHC_171,10309
2021_IEHC_675,33379
2001_IESC_49,25433
2021_IEHC_487,60240
2021_IECA_328,7026
2017_IESC_9,14671
2012_IEHC_142,11059
2012_IEHC_236,45455
2005_IEHC_189,38090
2017_IEHC_338,57606
2022_IEHC_358,40404
2004_IEHC_99,6468
2020_IECA_298,43527
2010_IEHC_116,3878
2022_IEHC_25,65122
2019_IESC_2,64137
2022_IECA_50,20289
2021_IESC_68,52141
2019_IEHC_487,43162
2007_IESC_60,50348
2006_IEHC_400,41106
2021_IEHC_542,9561
2021_IEHC_742,38103
2021_IEHC_792,55556
2022_IEHC_258,47937
2008_IESC_25,15780
2016_IEHC_202,24806
2019_IECA_210,18010
2020_IECA_19,37835
2022_IEHC_163,61121
2019_IESC_54,52868
2019_IEHC_65,63195
2021_IEHC_708,28062
2022_IEHC_403,27911
2009_IEHC_368,64479
2021_IEHC_574,2968
2015_IEHC_389,49230
2021_IEHC_592,29420
2020_ECHR_363,623
2006_IESC_1,63913
2013_IESC_32,12332
2021_IEHC_835,47096
2021_IEHC_713,6494
2014_IEHC_79,62858
2015_IEHC_838,12992
2009_IESC_52,39018
2019_IEHC_796,56603
2021_IEHC_672,26911
2007_IEHC_242,2706
2015_IEHC_16,10473
2022_IEHC_10,64251
2019_IEHC_368,21250
2011_EWHC_2907,43480
2012_UKSC_60,27880
2022_IEHC_7,32224
2021_IECA_54,28141
2018_IEHC_81,56998
2022_IEHC_230,19321
2020_IECA_15,21426
1997_ILRM_15,61263
2022_IEHC_222,20993
2022_IEHC_204,27978
2022_IEHC_354,46792
2011_IEHC_384,54751
2022_IEHC_27,26592
2015_IEHC_706,53657
2010_EWHC_3407,3115
2018_IECA_35,29490
2013_IEHC_531,64217
2020_IECA_121,31892
2015_IECA_58,22629
2022_IECA_136,21790
2020_IECA_92,54598
2004_IESC_97,28472
2022_IECA_5,2415
2018_IEHC_187,65476
2020_IECA_182,36015
2012_IEHC_406,59992
2015_IESC_1,29388
2013_IEHC_148,59842
2021_IEHC_648,24305
2018_IEHC_313,13878
2021_IEHC_218,57628
2017_IEHC_676,22901
1997_IEHC_54,11457
2008_IEHC_320,41095
2020_IEHC_108,18153
2021_IEHC_405,10354
2020_IEHC_534,52604
2011_EWHC_775,8176
2019_IECA_276,13431
2019_IESC_77,59097
2010_IEHC_397,34000
2011_IEHC_251,60404
2021_IEHC_705,48985
2002_IESC_69,20716
2020_IEHC_588,24000
2020_IESC_11,36173
2021_IESC_32,25002
2020_IEHC_692,52600
2003_IESC_70,34586
2008_IEHC_93,9044
2008_IESC_38,14258
2017_IECA_295,21925
2005_IEHC_408,54332
2016_IECA_415,34260
2016_IECA_62,739
2001_IESC_64,35689
2010_UKUT_463,52747
2020_IEHC_313,60281
2018_IEHC_456,40436
2012_IESC_3,52874
2020_IEHC_601,19342
1988_ILRM_629,49641
2021_IESC_6,36263
2022_IECA_83,46554
2015_IEHC_690,9906
2016_IESC_58,30427
2021_IEHC_320,11311
2019_IEHC_212,53764
2020_IECA_343,32247
2021_IEHC_203,53941
2010_IEHC_109,43952
2019_IEHC_16,33093
2017_IECA_178,51939
2021_IECA_280,14938
2021_IEHC_297,3475
2021_IECA_200,15300
2022_IESC_6,15785
2007_IESC_59,7470
2014_IEHC_320,17753
2011_IESC_48,13438
2021_IESC_66,52818
2022_IECA_41,29045
2022_IEHC_276,38504
2015_IECA_350,30356
2017_IEHC_715,61787
2020_IESC_30,14962
2012_IEHC_23,33800
2022_IEHC_219,50463
2021_IEHC_826,55786
2017_IESC_74,24901
2021_IEHC_741,6479
2021_IECA_317,9731
2018_IECA_102,19934
2022_IEHC_223,11429
2022_IEHC_292,44366
2015_IEHC_29,37529
2008_IEHC_229,40952
1981_ILRM_23,4245
2021_IESC_24,34021
2015_IEHC_722,11281
2022_IECA_80,6323
2021_IEHC_749,36571
2020_IEHC_689,58329
2019_NICC_8,14932
2018_IECA_76,60764
2021_IECA_99,1710
2011_IEHC_3,51188
2021_IECA_324,6089
2008_IEHC_376,17274
2010_IEHC_310,18127
2002_IESC_73,7979
1998_IEHC_168,6535
2019_IEHC_477,22859
2021_IEHC_205,5140
2022_IEHC_98,59547
2020_IEHC_360,63038
2012_IESC_43,2032
2021_IEHC_666,64736
2009_IEHC_279,5259
2022_IEHC_58,14820
1992_ILRM_722,38021
2022_IEHC_434,9423
2015_IECA_28,59548
2015_IECA_268,35854
2017_IECA_31,50988
2001_IESC_77,2880
2021_IESC_74,34230
2016_IEHC_81,40522
2022_IECA_131,1691
2020_IEHC_218,11740
2019_EWHC_2992,53851
2018_IEHC_532,61997
2016_IEHC_709,23070
2010_IEHC_176,5660
2021_IEHC_818,51109
2005_IEHC_43,52130
2017_IEHC_242,36793
2014_EWHC_4225,34952
2022_IECA_36,62812
2009_IEHC_245,51978
2012_IESC_55,48522
1992_ILRM_481,8496
2021_IESC_1,11801
2012_IEHC_12,34514
2021_IEHC_788,63007
2019_IEHC_488,65355
2015_IEHC_493,36348
2015_ECHR_420,59778
2021_IEHC_829,43049
2019_IEHC_407,55498
2018_IECA_230,2668
2016_IEHC_329,28868
2021_IECA_177,878
2020_IEHC_564,49406
2019_IEHC_451,13919
2021_IEHC_638,6114
2021_IEHC_217,8175
2011_IEHC_547,15187
2021_IEHC_597,56557
2013_IESC_11,61649
2020_IECA_50,37779
2012_EWHC_1798,39833
2021_IEHC_722,14977
2021_IEHC_772,21762
2021_IECA_252,26196
2004_IEHC_380,115
2020_IEHC_358,27587
2015_IECA_40,41492
2021_IEHC_733,26235
2002_IECA_98,43791
2018_IEHC_538,20837
2014_IESC_56,57607
2015_IECA_80,3780
2015_IECA_280,31400
2020_IESC_42,2144
2022_EWHC_409,51975
2022_IECA_27,36772
2022_IEHC_272,34313
2017_IECA_97,9406
2017_IESC_50,45003
2006_IESC_45,63862
2020_IESC_54,45359
2022_IEHC_341,18670
2020_IECA_200,3619
2020_IECA_355,56579
2008_IEHC_322,1756
2021_IEHC_814,40103
2017_IEHC_541,36077
2020_IEHC_47,45831
2017_IEHC_286,35346
2006_IEHC_238,58341
2015_IESC_75,49192
2014_IEHC_58,11522
2019_IEHC_342,43234
2018_IESC_42,62816
2021_IEHC_777,27474
2008_IEHC_216,40607
2010_IEHC_31,61807
2020_IEHC_172,52865
2022_IECA_82,30244
2017_IEHC_266,28200
2022_IECA_125,26554
2012_IEHC_189,63540
2018_IEHC_798,15366
2020_IEHC_385,10678
2022_IEHC_391,1060
2018_IESC_10,61003
2016_IEHC_802,9103
2012_IEHC_80,48082
2003_ECRI_10239,51372
2015_IEHC_342,50424
2022_IEHC_438,15109
2021_IECA_337,57872
2021_IESC_73,61780
2018_IEHC_142,13468
2021_IECA_347,9803
2022_IEHC_45,15412
2022_IEHC_271,30476
2008_IEHC_374,20595
2019_IECA_272,17501
2017_IEHC_653,47226
2018_IEHC_153,13824
2013_ISEC_24,60941
2021_IECA_341,10217
2014_IEHC_497,61591
2012_IESC_26,50148
2021_IEHC_83,23251
2009_IEHC_45,20620
2022_IEHC_107,27829
2006_EWHC_848,35232
2018_IEHC_274,26879
2019_IECA_214,11803
2018_EWHC_1532,38847
2011_IEHC_191,17543
2014_IESC_17,44504
2019_IEHC_894,57377
1999_IEHC_14,58860
2006_IEHC_369,37881
2018_IECA_103,11337
2022_IEHC_83,8540
2022_IEHC_422,20726
1980_ILRM_82,32924
2012_IEHC_360,37232
1986_ILRM_225,58550
2017_IECA_74,57658
2016_IEHC_177,30896
2021_IEHC_719,61391
1999_IESC_54,7433
2012_IEHC_350,51739
2015_IEHC_227,5847
2021_IEHC_769,36033
2004_UKHL_12,38363
2001_UKHL_69,15779
2013_UKSC_15,32809
2020_IECA_140,36686
2012_IEHC_368,56598
2012_IEHC_285,16916
2022_IEHC_366,37101
2020_IEHC_95,23935
2021_IEHC_793,60976
1993_ILRM_657,27823
2019_IEHC_720,13925
2021_IEHC_207,15587
2016_IEHC_360,57260
2022_IEHC_12,6124
2009_IESC_41,8838
2021_IESC_81,3641
2013_IEHC_322,64344
2017_IESC_73,24871
2011_UKSC_20,30396
2020_IEHC_119,33744
2004_IESC_50,21807
2016_IEHC_128,30914
2017_IECA_64,41281
2016_IEHC_316,21427
2015_IECA_41,36588
2020_IECA_120,29286
2020_IECA_360,11387
2014_IEHC_146,57796
2015_IESC_49,62582
2021_IECA_28,40932
2016_IEHC_185,46391
2006_IEHC_207,28924
2012_IEHC_364,47303
2022_IEHC_74,55152
2021_IEHC_43,64469
2014_IESC_44,54830
2021_IESC_45,4381
2021_EWHC_1269,47067
2016_IEHC_642,18651
2021_IEHC_785,21032
2022_IECA_105,45681
2016_IEHC_129,63067
2020_IEHC_477,48698
1986_ILRM_593,10700
2021_IEHC_809,42420
2018_IEHC_366,60595
2010_IESC_3,59751
2014_IEHC_314,28401
2021_IESC_63,48169
2015_IEHC_383,59892
2016_IEHC_90,30893
2018_IEHC_654,25340
2022_IEHC_156,22083
2013_IEHC_182,53652
2008_IESC_28,52097
2021_IEHC_461,17555
2010_IEHC_8,45009
2011_IEHC_497,12801
2012_IEHC_70,21123
2017_IESC_29,63287
2021_IEHC_586,20620
2000_IESC_50,5160
2022_IEHC_339,58061
2020_IEHC_682,64876
2019_IEHC_80,42678
2011_IESC_5,3908
2017_IEHC_706,13207
2016_IEHC_47,6311
2020_IESC_39,53529
2020_IECA_171,49753
2020_IEHC_64,58054
2009_IEHC_397,43052
2016_IECA_27,10694
2021_IEHC_212,27995
2020_IEHC_429,6069
2002_IRLR_109,13884
2021_IEHC_235,41315
2014_IEHC_374,50546
2015_IESC_104,51336
2021_IEHC_39,985
2011_IEHC_169,44804
2017_IEHC_719,57425
2022_IEHC_266,21679
2018_IECA_274,49794
2021_IECA_123,51952
2020_IEHC_259,18677
2008_IESC_21,58394
2021_IEHC_318,12244
2016_IECA_78,32421
2019_IEHC_474,7666
2021_IECA_274,35050
2007_IEHC_487,65011
2022_IEHC_35,40502
2021_IEHC_699,65257
2022_IEHC_198,57809
2021_IEHC_715,28090
2017_IESC_52,28175
2022_IEHC_54,41850
2021_IEHC_445,40038
2016_IEHC_394,57567
2014_IEHC_266,19172
2018_IEHC_699,19304
2002_IEHC_113,30943
2017_IESC_62,19812
2022_IEHC_212,42295
2019_IECA_327,51315
2013_IEHC_427,35617
2019_IESC_50,41457
2018_IEHC_546,64566
2022_IEHC_316,50048
2020_IEHC_151,61446
2016_IESC_55,3614
2017_IEHC_311,5807
2008_IEHC_447,9047
2021_IECA_332,54678
2018_IEHC_185,63062
2018_IECA_143,48809
2016_IEHC_474,28741
2019_IECA_256,43462
2021_IEHC_658,59701
2020_IEHC_562,13419
2012_IEHC_603,41760
2020_IEHC_308,60444
2014_IEHC_132,17156
2012_IEHC_425,47212
2018_IECA_343,59406
2022_IEHC_313,56499
2021_IEHC_606,44066
2014_IESC_32,64641
2021_IEHC_618,49994
2020_IEHC_495,51186
2009_IESC_77,28213
2020_IEHC_390,9021
1978_ILRM_136,45328
2022_IEHC_194,360
2016_EWHC_3085,18774
2021_IEHC_279,13254
2015_IECA_73,2220
2017_IESC_76,64211
2018_IEHC_245,48040
2022_IEHC_192,15976
2009_IRLR_900,782
2021_IECA_287,62630
2022_IEHC_176,28082
1989_BCLC_100,50500
2022_IEHC_240,20982
2021_IEHC_610,53764
2020_IEHC_284,36531
2012_IEHC_309,39164
2019_IEHC_470,51923
2006_IEHC_450,506
2011_IEHC_108,39332
2021_IECA_159,60268
2019_IEHC_604,48188
2008_IESC_73,52911
2012_UKSC_25,61538
2021_IEHC_635,20990
2019_IECA_212,57764
2020_IECA_341,64922
2014_IEHC_114,52118
2016_IEHC_379,64379
2021_IEHC_765,54834
2021_IECA_132,20311
2022_IEHC_364,42866
2022_IEHC_144,44995
2019_IECA_319,32692
2022_IEHC_132,41885
2005_IEHC_164,34137
2013_IEHC_111,33887
2022_IEHC_66,19708
2018_IEHC_639,32961
2019_IEHC_590,56122
2019_IEHC_445,12943
2016_IECA_21,46250
2022_IECA_37,13232
2015_IECA_169,1813
2022_IEHC_14,7988
2016_UKSC_3,52365
2019_IECA_491,37205
2022_IEHC_375,17364
2015_IEHC_633,17659
2010_IECA_247,43719
2021_IEHC_516,55444
2004_IEHC_42,8907
2022_IECA_40,28844
2022_IEHC_164,63400
2020_IESC_1,2440
2019_IEHC_312,35272
2012_IESC_25,56354
2017_IECA_56,39737
2006_IEHC_32,40149
2022_IECA_117,8114
2018_IEHC_620,42867
2010_IESC_35,51274
2021_IEHC_726,13973
2022_IESC_23,53331
2014_EWHC_3135,54724
2019_IECA_76,49046
2015_IEHC_272,3298
2019_IEHC_211,28036
2020_IEHC_522,55232
2004_EWHC_1542,8124
2009_IEHC_210,11233
2005_IEHC_296,49545
2013_IESC_36,43546
2021_IECA_305,7060
2008_IEHC_420,63656
2018_IEHC_20,16043
2019_IESC_75,5723
2022_IEHC_291,55062
2022_IEHC_245,51562
2020_IECA_191,62650
2022_IECA_95,56623
2019_IEHC_891,28714
2017_IESC_35,13097
2007_IEHC_348,8193
2016_IESC_25,7808
2013_IEHC_62,4480
2008_IEHC_295,20664
2015_IECA_187,53388
2021_IECA_314,15810
2020_IECA_307,19831
2021_IEHC_323,36219
2014_IEHC_625,41652
2020_IEHC_646,50506
2020_IESC_71,57451
2014_IEHC_62,59805
2019_IEHC_411,21288
2018_IECA_295,1345
2021_IESC_77,49837
2021_IEHC_62,64322
2011_IEHC_388,44604
2022_IEHC_327,1915
1996_IEHC_60,23927
2008_IESC_4,20386
1980_ILRM_242,39752
2020_IESC_56,28516
2019_IEHC_825,49406
2011_IEHC_17,43003
2016_IECA_26,12763
2003_IESC_36,10592
2021_IEHC_450,24651
2022_IECA_17,30851
2005_IESC_17,31865
2012_IEHC_248,63191
2019_IECA_43,15339
2018_EWHC_2416,58839
1993_ILRM_790,27477
2006_IEHC_385,35289
2008_IESC_46,43973
2022_IECA_101,20510
2005_IESC_33,53978
2021_IEHC_687,63729
2021_IEHC_682,34032
2019_EWHC_1254,53013
2019_IEHC_126,44495
2010_IEHC_68,622
2007_IEHC_120,58049
2022_IECA_11,38012
2017_IECA_272,33786
2019_IECA_232,26488
2020_IESC_13,36201
2018_IEHC_145,61321
2021_IEHC_178,57792
2002_IESC_53,9159
2014_IEHC_604,56847
2021_IECA_310,26462
2021_IESC_34,29685
2010_IEHC_287,51851
2021_IECA_299,12894
2019_IESC_10,50520
2017_IESC_41,32112
2021_IECA_327,13132
2018_UKSC_9,33142
2020_IECA_181,41425
2017_IEHC_711,56580
2011_IEHC_59,9913
2019_IEHC_186,7745
2020_IEHC_225,28903
2020_IEHC_416,33335
2022_IESC_21,73
2009_IEHC_426,15922
2017_IEHC_548,62139
2022_IECA_114,14613
2019_IESC_65,55665
2022_IECA_130,47634
2008_IEHC_169,23996
2009_IEHC_512,34628
1997_IEHC_89,40645
2022_IECA_77,10516
2005_IEHC_329,3447
2022_IECA_35,49575
2022_IEHC_123,52927
2015_IEHC_271,21993
2021_IEHC_572,8613
2010_IEHC_66,56270
2020_IEHC_505,45433
2021_IEHC_707,29041
2016_IESC_64,59477
2022_IECA_61,32600
2021_IECA_271,3901
2016_IECA_67,17637
2013_EWHC_2927,41745
2015_IEHC_591,33459
2015_IEHC_623,49609
2018_IECA_310,33734
2022_IEHC_397,56358
2021_IEHC_836,60688
2022_IEHC_2,14540
2016_IEHC_297,6311
2012_IEHC_166,32549
2021_IEHC_494,3691
2011_IEHC_287,23406
1982_ILRM_104,26219
2020_IEHC_413,16754
2020_IEHC_56,37450
2008_IEHC_154,10996
2011_IEHC_32,55231
2021_IEHC_233,4793
2018_IEHC_519,18450
2012_IESC_27,47829
2019_IEHC_47,41393
2016_IECA_48,15824
2020_IEHC_571,37371
2022_IECA_137,29151
2021_IEHC_413,36687
2018_IESC_47,4802
2019_IECA_201,49523
2016_IEHC_697,15480
2009_IESC_26,57305
2020_IECA_167,46882
2016_UKSC_8,397
2022_IEHC_278,54325
2012_IESC_14,47402
2012_IEHC_180,64804
2012_IEHC_461,40624
2007_IEHC_4,22758
2019_IESC_20,24949
2015_EWHC_1543,14740
2010_IEHC_253,47597
2016_IEHC_673,31401
2018_IECA_135,62578
2020_IEHC_536,39338
2017_IEHC_279,29153
2012_ILRM_487,46325
2000_IESC_16,26223
2016_IEHC_468,18701
2013_IESC_48,14302
2006_IEHC_99,57516
2005_IESC_83,43680
2009_IEHC_564,62440
2021_IECA_248,16706
2021_IEHC_322,44118
2022_IEHC_143,57825
2016_IESC_15,4052
2021_UKSC_1,34475
2015_IECA_50,41466
2016_IESC_44,1627
2003_IEHC_611,28155
2019_UKSC_15,58136
2011_IESC_13,29765
2016_IECA_32,65129
2022_IEHC_331,21412
2010_IESC_62,41180
2008_IEHC_443,31700
2019_IECA_360,53294
2018_IEHC_566,40477
2015_IEHC_339,17100
2010_IEHC_404,33030
2021_IEHC_816,39311
2020_IEHC_304,34511
2018_IEHC_571,25320
2021_IEHC_781,36188
2021_IEHC_103,50186
2022_IEHC_269,574
2019_IEHC_557,7760
2022_IEHC_121,17312
2004_IESC_1,59787
2021_IEHC_825,53665
2019_IESC_89,33321
2014_IEHC_31,21333
2021_IEHC_539,40843
2000_IESC_22,63010
2014_IEHC_632,55590
2022_IECA_108,8328
2021_IEHC_17,14779
2022_IEHC_248,49560
2005_IEHC_292,10557
2018_IEHC_610,50940
2015_IECA_249,1210
2013_IESC_21,36867
2011_EWHC_606,31317
2008_IEHC_468,23569
2022_IESC_25,2690
1990_ILRM_461,46430
2000_IEHC_36,19403
2018_IEHC_103,11874
2017_IEHC_13,25860
2022_IEHC_413,54278
2011_UKUT_34,29962
2021_IEHC_61,62618
2021_IEHC_108,20872
2020_IECA_183,23385
2016_UKSC_10,40754
2013_UKSC_33,36623
2022_IEHC_326,33548
2020_IECA_357,401
2020_IESC_62,28140
2021_IEHC_143,42988
2021_IEHC_379,57190
2021_IEHC_582,59195
2020_IEHC_246,33356
2008_EWHC_3300,55804
2020_IESC_16,61589
2021_IECA_291,9197
2014_IEHC_176,41653
2022_IEHC_314,11709
2021_IEHC_697,2386
2022_IEHC_78,6660
2016_IESC_66,44573
2002_IESC_59,14805
2017_IESC_59,16145
2019_IEHC_151,32966
2020_IEHC_648,41325
2009_IEHC_383,34603
2021_IEHC_817,15772
2010_IEHC_495,63883
2012_IEHC_363,988
2021_IECA_307,31813
2022_IESC_24,62797
2016_IEHC_762,47399
2018_IEHC_324,60549
2021_IEHC_403,63347
2020_IESC_35,2547
2019_IECA_257,14215
2018_IEHC_243,34570
2020_IEHC_318,53403
2019_IEHC_365,26270
2015_IEHC_854,48867
2018_IECA_236,12767
2016_UKUT_441,17892
2016_IEHC_424,11207
2022_IEHC_294,51890
2008_IEHC_289,23712
2020_IEHC_402,41776
2020_IECA_80,42572
2002_IEHC_163,23459
1983_BCLC_492,50993
2022_IEHC_108,63335
2017_IESC_17,62589
2016_IEHC_752,34915
2014_IEHC_418,1239
2014_IESC_29,30562
2022_IEHC_159,33597
2021_IECA_320,25516
2015_IECA_231,61255
2017_IEHC_346,52968
2022_IEHC_227,59628
2019_IESC_29,34968
2021_IEHC_590,52151
2012_IEHC_580,42699
2022_IEHC_216,41668
1990_ILRM_780,37094
2006_IESC_20,60002
2013_IEHC_518,41231
2006_IEHC_137,36475
2011_IEHC_432,15174
2016_IECA_273,4487
2017_IECA_297,25608
2013_IEHC_387,64189
2014_IEHC_624,16576
2016_EWCA_1862,5163
2020_IECA_150,47578
2011_IEHC_4,29194
2012_IEHC_315,52255
2008_UKHL_41,30767
2017_IEHC_515,31871
2008_EWHC_1530,55822
2015_IESC_57,12415
2019_IESC_84,62528
2015_IESC_103,23819
2018_IEHC_622,28519
1988_ILRM_306,9059
2014_IESC_31,58376
2020_IECA_281,59296
2021_IECA_335,51133
2021_IEHC_628,23119
2009_IESC_83,12950
2016_IECA_217,29896
2021_IECA_268,45034
2021_IECA_309,62914
2020_IEHC_164,54866
2011_IEHC_256,40966
2016_IEHC_722,12717
2021_IEHC_316,1933
2018_IEHC_294,15082
2017_IESC_66,51826
2019_IEHC_938,62472
2014_IEHC_532,8200
2011_EWHC_1669,1739
2020_IEHC_293,10145
2010_IEHC_203,33407
2005_IEHC_206,61407
2018_IEHC_44,53826
2022_IEHC_50,38989
2018_IEHC_634,60161
2021_IEHC_180,55578
2018_IEHC_569,51681
2022_IESC_9,5913
2021_IEHC_100,38926
2022_IEHC_201,37318
2015_IESC_70,17978
2016_IEHC_318,46936
2020_IEHC_16,2891
2016_IEHC_304,9027
2017_IEHC_95,54818
2010_IESC_45,39433
2016_IEHC_544,44776
2021_IEHC_32,51822
2015_IESC_96,20060
2021_IEHC_468,34983
2018_IESC_45,31197
2017_IESC_80,28638
2022_IEHC_109,64850
2021_IEHC_633,54956
2022_IEHC_173,21050
2019_IEHC_794,24014
2018_IECA_290,14263
2022_IEHC_51,64353
2021_IECA_210,44283
2012_IESC_62,60980
2007_IESC_19,61951
2008_IEHC_198,58516
2020_IECA_364,27855
2005_IEHC_467,38464
2009_IEHC_485,16736
2012_IEHC_174,49531
2021_IEHC_716,59935
2022_IECA_87,25202
2017_IECA_152,50628
2021_IESC_47,14933
2019_IEHC_310,44930
2020_IESC_3,30679
2019_IESC_86,55871
2015_IECA_215,19848
2019_IECA_233,7851
2014_IHEC_596,820
2017_IEHC_728,28676
2009_IEHC_206,38269
2008_IEHC_2,29250
2022_IEHC_120,1516
2015_IECA_272,10012
2012_IESC_50,3869
2014_IEHC_304,64356
2019_IEHC_820,10656
2011_UKSC_28,48305
2012_IESC_61,60219
2019_IECA_135,42391
2020_IEHC_277,4372
2021_IEHC_163,12600
2020_IECA_277,27528
2015_IECA_76,13896
1997_IEHC_9,1714
2021_IEHC_778,6969
2022_IESC_2,24917
2020_IECA_109,39485
2013_IEHC_603,23892
2012_IEHC_90,54788
2021_IEHC_819,46476
2015_IESC_13,25140
2018_IEHC_579,36639
2019_IEHC_21,45705
2022_IECA_149,21187
2019_IECA_218,25511
2018_IESC_27,13073
2011_IEHC_197,64469
2004_IEHC_128,15846
2019_IEHC_610,25560
2021_IEHC_630,47137
2011_IEHC_490,29282
2022_IEHC_64,4734
2011_IEHC_481,3298
2021_IEHC_210,31450
2005_IESC_57,2986
2020_IEHC_46,2591
2021_IECA_295,3509
2021_IEHC_815,40154
2021_IEHC_791,10834
2005_IESC_76,12459
2019_IEHC_68,28612
2011_UKSC_4,50034
2018_IESC_44,60501
2015_UKSC_66,12447
2018_IEHC_285,27054
2022_IECA_74,2383
2022_IEHC_72,45644
2019_IEHC_269,62456
2015_EWHC_545,62841
2021_IEHC_430,10808
2011_ECHR_844,63669
2014_IESC_8,20804
2020_IEHC_472,27419
2022_IEHC_43,22731
2018_IECA_238,23963
2013_IESC_43,3400
2021_IEHC_105,20871
2008_IEHC_306,37549
2016_IESC_336,54652
2021_IEHC_275,22730
2013_IESC_53,36162
2005_IESC_34,22881
2019_CSOH_77,15840
2009_IESC_67,15386
2021_IEHC_667,63146
2019_IECA_124,41676
2020_IEHC_615,26112
2015_IECA_140,28196
2009_IEHC_292,1369
2010_IEHC_422,8874
2013_IESC_6,12671
2020_IEHC_285,2607
2021_IECA_325,47399
2017_IEHC_217,24436
1997_IEHC_143,47557
2014_IEHC_649,17571
2011_IEHC_367,376
2022_IEHC_119,52149
2022_IEHC_285,62557
2005_IEHC_216,46990
2021_IEHC_770,3460
2008_IEHC_274,6033
2015_IECA_57,61168
2014_EWHC_3354,55603
2012_IEHC_376,62197
2011_UKSC_41,30413
2021_IEHC_63,62341
2021_IEHC_750,14915
